"query_id","class_id","true_gallery_id","true_rank","top01_gallery_id","top02_gallery_id","top03_gallery_id","top04_gallery_id","top05_gallery_id","top06_gallery_id","top07_gallery_id","top08_gallery_id","top09_gallery_id","top10_gallery_id","top11_gallery_id","top12_gallery_id","top13_gallery_id","top14_gallery_id","top15_gallery_id","top16_gallery_id","top17_gallery_id","top18_gallery_id","top19_gallery_id","top20_gallery_id"
"fq002527","vx_97c73c9265c0bd7b","fg0590","82","fg0057","fg0541","fg0112","fg0868","fg0942","fg0331","fg0377","fg0801","fg0711","fg0565","fg0004","fg0333","fg0907","fg0832","fg0056","fg0123","fg0426","fg0568","fg0940","fg0124"
"fq002528","vx_97c73c9265c0bd7b","fg0590","1","fg0590","fg0585","fg0110","fg0377","fg0112","fg0732","fg0426","fg0940","fg0599","fg0133","fg0706","fg0682","fg0876","fg0317","fg0139","fg0128","fg0515","fg0495","fg0726","fg0232"
"fq000912","vx_315fba10c6127837","fg0197","1","fg0197","fg0726","fg0344","fg0331","fg0857","fg0541","fg0943","fg0940","fg0520","fg0057","fg0822","fg0801","fg0670","fg0356","fg0584","fg0074","fg0581","fg0188","fg0333","fg0942"
"fq000913","vx_315fba10c6127837","fg0197","1","fg0197","fg0857","fg0074","fg0584","fg0726","fg0344","fg0541","fg0331","fg0940","fg0943","fg0822","fg0520","fg0670","fg0581","fg0057","fg0801","fg0257","fg0643","fg0356","fg0732"
"fq000914","vx_315fba10c6127837","fg0197","1","fg0197","fg0344","fg0520","fg0726","fg0356","fg0857","fg0943","fg0074","fg0331","fg0969","fg0822","fg0940","fg0584","fg0926","fg0670","fg0801","fg0541","fg0581","fg0732","fg0643"
"fq000915","vx_315fba10c6127837","fg0197","1","fg0197","fg0520","fg0344","fg0074","fg0356","fg0969","fg0331","fg0940","fg0581","fg0857","fg0801","fg0541","fg0726","fg0822","fg0670","fg0943","fg0584","fg0024","fg0123","fg0439"
"fq000916","vx_315fba10c6127837","fg0197","1","fg0197","fg0344","fg0520","fg0940","fg0943","fg0857","fg0331","fg0726","fg0356","fg0926","fg0822","fg0584","fg0969","fg0368","fg0801","fg0541","fg0074","fg0439","fg0581","fg0670"
"fq000917","vx_315fba10c6127837","fg0197","1","fg0197","fg0943","fg0520","fg0331","fg0344","fg0541","fg0857","fg0940","fg0581","fg0801","fg0356","fg0822","fg0726","fg0057","fg0670","fg0439","fg0074","fg0584","fg0188","fg0710"
"fq000918","vx_315fba10c6127837","fg0197","1","fg0197","fg0541","fg0584","fg0857","fg0057","fg0074","fg0726","fg0907","fg0331","fg0801","fg0822","fg0670","fg0943","fg0672","fg0188","fg0818","fg0446","fg0432","fg0643","fg0585"
"fq000919","vx_315fba10c6127837","fg0197","1","fg0197","fg0943","fg0520","fg0344","fg0331","fg0801","fg0822","fg0541","fg0726","fg0969","fg0188","fg0439","fg0333","fg0940","fg0200","fg0057","fg0670","fg0732","fg0356","fg0857"
"fq000920","vx_315fba10c6127837","fg0197","1","fg0197","fg0520","fg0541","fg0344","fg0943","fg0331","fg0159","fg0801","fg0439","fg0123","fg0188","fg0822","fg0726","fg0993","fg0356","fg0333","fg0057","fg0200","fg0969","fg0710"
"fq000921","vx_315fba10c6127837","fg0197","1","fg0197","fg0344","fg0940","fg0520","fg0943","fg0590","fg0331","fg0541","fg0732","fg0585","fg0857","fg0333","fg0822","fg0969","fg0123","fg0356","fg0257","fg0115","fg0726","fg0670"
"fq000922","vx_315fba10c6127837","fg0197","1","fg0197","fg0541","fg0943","fg0331","fg0344","fg0333","fg0520","fg0801","fg0188","fg0907","fg0670","fg0057","fg0726","fg0822","fg0123","fg0993","fg0200","fg0439","fg0356","fg0581"
"fq000923","vx_315fba10c6127837","fg0197","1","fg0197","fg0943","fg0541","fg0520","fg0331","fg0344","fg0801","fg0057","fg0822","fg0670","fg0333","fg0188","fg0907","fg0584","fg0123","fg0726","fg0115","fg0969","fg0565","fg0857"
"fq000924","vx_315fba10c6127837","fg0197","1","fg0197","fg0520","fg0726","fg0344","fg0943","fg0331","fg0801","fg0541","fg0356","fg0822","fg0057","fg0969","fg0940","fg0333","fg0439","fg0670","fg0188","fg0581","fg0710","fg0857"
"fq000925","vx_315fba10c6127837","fg0197","1","fg0197","fg0344","fg0520","fg0331","fg0943","fg0541","fg0726","fg0584","fg0801","fg0822","fg0356","fg0940","fg0074","fg0057","fg0439","fg0710","fg0670","fg0857","fg0123","fg0188"
"fq000926","vx_315fba10c6127837","fg0197","1","fg0197","fg0943","fg0670","fg0344","fg0541","fg0331","fg0520","fg0822","fg0801","fg0581","fg0726","fg0123","fg0940","fg0057","fg0333","fg0188","fg0584","fg0969","fg0439","fg0356"
"fq002832","vx_04e35fc1a4588d88","fg0706","1","fg0706","fg0112","fg0071","fg0358","fg0123","fg0710","fg0473","fg0188","fg0159","fg0200","fg0400","fg0407","fg0943","fg0563","fg0236","fg0317","fg0377","fg0907","fg0585","fg0333"
"fq002833","vx_04e35fc1a4588d88","fg0706","1","fg0706","fg0112","fg0585","fg0377","fg0400","fg0159","fg0473","fg0123","fg0943","fg0071","fg0710","fg0407","fg0236","fg0188","fg0115","fg0584","fg0358","fg0711","fg0948","fg0200"
"fq002834","vx_04e35fc1a4588d88","fg0706","1","fg0706","fg0112","fg0071","fg0159","fg0123","fg0400","fg0188","fg0710","fg0473","fg0407","fg0358","fg0115","fg0585","fg0377","fg0726","fg0200","fg0563","fg0822","fg0711","fg0236"
"fq001752","vx_dfc32a74ab852b3c","fg0358","1","fg0358","fg0200","fg0948","fg0672","fg0400","fg0232","fg0159","fg0868","fg0940","fg0236","fg0272","fg0726","fg0876","fg0907","fg0407","fg0597","fg0024","fg0473","fg0710","fg0581"
"fq001753","vx_dfc32a74ab852b3c","fg0358","1","fg0358","fg0200","fg0672","fg0948","fg0868","fg0159","fg0400","fg0236","fg0940","fg0907","fg0232","fg0726","fg0024","fg0917","fg0581","fg0706","fg0272","fg0876","fg0407","fg0473"
"fq001754","vx_dfc32a74ab852b3c","fg0358","1","fg0358","fg0200","fg0672","fg0868","fg0604","fg0541","fg0446","fg0568","fg0159","fg0333","fg0236","fg0444","fg0074","fg0969","fg0473","fg0232","fg0907","fg0940","fg0706","fg0123"
"fq001755","vx_dfc32a74ab852b3c","fg0358","1","fg0358","fg0200","fg0672","fg0868","fg0159","fg0948","fg0232","fg0400","fg0940","fg0236","fg0907","fg0169","fg0473","fg0024","fg0710","fg0446","fg0333","fg0597","fg0272","fg0726"
"fq001756","vx_dfc32a74ab852b3c","fg0358","1","fg0358","fg0200","fg0868","fg0907","fg0604","fg0568","fg0672","fg0159","fg0236","fg0706","fg0710","fg0333","fg0541","fg0446","fg0565","fg0128","fg0024","fg0917","fg0407","fg0520"
"fq002198","vx_24104833a0dad29a","fg0495","1","fg0495","fg0801","fg0317","fg0541","fg0377","fg0344","fg0917","fg0993","fg0706","fg0520","fg0271","fg0890","fg0075","fg0672","fg0188","fg0670","fg0585","fg0868","fg0473","fg0711"
"fq002199","vx_24104833a0dad29a","fg0495","1","fg0495","fg0377","fg0317","fg0541","fg0271","fg0520","fg0706","fg0801","fg0876","fg0188","fg0890","fg0563","fg0917","fg0711","fg0993","fg0907","fg0832","fg0672","fg0943","fg0331"
"fq002200","vx_24104833a0dad29a","fg0495","1","fg0495","fg0377","fg0188","fg0907","fg0541","fg0520","fg0710","fg0993","fg0868","fg0317","fg0200","fg0672","fg0271","fg0123","fg0670","fg0890","fg0563","fg0706","fg0711","fg0917"
"fq001911","vx_358152b150f231a3","fg0407","1","fg0407","fg0940","fg0907","fg0597","fg0317","fg0075","fg0272","fg0568","fg0004","fg0358","fg0643","fg0200","fg0128","fg0188","fg0232","fg0706","fg0917","fg0563","fg0948","fg0333"
"fq001269","vx_c1335dd52391d327","fg0272","66","fg0541","fg0377","fg0123","fg0868","fg0057","fg0568","fg0344","fg0089","fg0331","fg0197","fg0188","fg0907","fg0512","fg0004","fg0944","fg0112","fg0670","fg0917","fg0133","fg0432"
"fq001270","vx_c1335dd52391d327","fg0272","42","fg0541","fg0377","fg0344","fg0123","fg0197","fg0568","fg0089","fg0004","fg0944","fg0331","fg0188","fg0074","fg0075","fg0139","fg0439","fg0317","fg0057","fg0670","fg0133","fg0868"
"fq000632","vx_2e3dedb1b7f60a96","fg0136","1","fg0136","fg0602","fg0056","fg0890","fg0584","fg0907","fg0454","fg0024","fg0710","fg0993","fg0565","fg0331","fg0597","fg0585","fg0446","fg0444","fg0352","fg0169","fg0672","fg0272"
"fq003944","vx_b596082123d0a3b9","fg0917","1","fg0917","fg0333","fg0133","fg0541","fg0112","fg0943","fg0271","fg0969","fg0942","fg0331","fg0139","fg0670","fg0188","fg0581","fg0024","fg0115","fg0317","fg0407","fg0832","fg0257"
"fq002462","vx_5afd4a9659f75afd","fg0568","1","fg0568","fg0710","fg0377","fg0123","fg0124","fg0317","fg0563","fg0011","fg0584","fg0672","fg0818","fg0604","fg0407","fg0071","fg0344","fg0188","fg0944","fg0271","fg0356","fg0446"
"fq002558","vx_72d007e702ba4d94","fg0610","9","fg0071","fg0823","fg0907","fg0541","fg0112","fg0089","fg0333","fg0868","fg0610","fg0432","fg0670","fg0271","fg0004","fg0377","fg0057","fg0926","fg0439","fg0890","fg0832","fg0444"
"fq002559","vx_72d007e702ba4d94","fg0610","2","fg0926","fg0610","fg0432","fg0541","fg0112","fg0377","fg0868","fg0071","fg0823","fg0439","fg0004","fg0832","fg0317","fg0271","fg0446","fg0706","fg0565","fg0188","fg0333","fg0123"
"fq002560","vx_72d007e702ba4d94","fg0610","1","fg0610","fg0926","fg0823","fg0432","fg0439","fg0071","fg0112","fg0377","fg0271","fg0541","fg0832","fg0004","fg0446","fg0706","fg0317","fg0075","fg0876","fg0188","fg0333","fg0653"
"fq002561","vx_72d007e702ba4d94","fg0610","20","fg0541","fg0868","fg0432","fg0112","fg0377","fg0926","fg0071","fg0672","fg0426","fg0004","fg0832","fg0565","fg0670","fg0823","fg0123","fg0317","fg0271","fg0439","fg0446","fg0610"
"fq002562","vx_72d007e702ba4d94","fg0610","1","fg0610","fg0823","fg0071","fg0439","fg0112","fg0541","fg0432","fg0377","fg0446","fg0271","fg0004","fg0075","fg0876","fg0089","fg0670","fg0832","fg0317","fg0565","fg0188","fg0333"
"fq002563","vx_72d007e702ba4d94","fg0610","9","fg0541","fg0071","fg0112","fg0868","fg0823","fg0377","fg0432","fg0439","fg0610","fg0004","fg0832","fg0670","fg0089","fg0123","fg0271","fg0926","fg0333","fg0672","fg0057","fg0317"
"fq004275","vx_327ed01c996b8a2c","fg0993","1","fg0993","fg0512","fg0495","fg0400","fg0159","fg0344","fg0136","fg0133","fg0541","fg0944","fg0581","fg0004","fg0907","fg0670","fg0271","fg0188","fg0257","fg0426","fg0563","fg0377"
"fq003266","vx_0abe2279e1528eca","fg0823","1","fg0823","fg0071","fg0682","fg0541","fg0123","fg0565","fg0907","fg0520","fg0670","fg0164","fg0024","fg0368","fg0188","fg0832","fg0948","fg0159","fg0112","fg0446","fg0056","fg0943"
"fq003267","vx_0abe2279e1528eca","fg0823","1","fg0823","fg0071","fg0541","fg0682","fg0024","fg0890","fg0565","fg0368","fg0164","fg0272","fg0948","fg0520","fg0907","fg0454","fg0232","fg0446","fg0832","fg0056","fg0943","fg0123"
"fq003268","vx_0abe2279e1528eca","fg0823","1","fg0823","fg0071","fg0024","fg0682","fg0541","fg0520","fg0164","fg0565","fg0907","fg0368","fg0857","fg0940","fg0272","fg0446","fg0123","fg0454","fg0057","fg0943","fg0056","fg0890"
"fq003269","vx_0abe2279e1528eca","fg0823","1","fg0823","fg0071","fg0565","fg0541","fg0682","fg0159","fg0426","fg0368","fg0164","fg0520","fg0890","fg0123","fg0128","fg0112","fg0075","fg0857","fg0568","fg0832","fg0907","fg0188"
"fq003270","vx_0abe2279e1528eca","fg0823","1","fg0823","fg0071","fg0682","fg0541","fg0024","fg0890","fg0164","fg0948","fg0454","fg0565","fg0232","fg0520","fg0368","fg0272","fg0123","fg0832","fg0907","fg0056","fg0585","fg0446"
"fq003271","vx_0abe2279e1528eca","fg0823","1","fg0823","fg0071","fg0024","fg0682","fg0541","fg0890","fg0164","fg0948","fg0943","fg0857","fg0907","fg0368","fg0446","fg0520","fg0565","fg0056","fg0232","fg0272","fg0371","fg0832"
"fq003272","vx_0abe2279e1528eca","fg0823","1","fg0823","fg0071","fg0682","fg0890","fg0541","fg0024","fg0232","fg0164","fg0123","fg0565","fg0056","fg0942","fg0520","fg0368","fg0907","fg0948","fg0454","fg0585","fg0943","fg0446"
"fq003273","vx_0abe2279e1528eca","fg0823","1","fg0823","fg0071","fg0682","fg0541","fg0565","fg0907","fg0123","fg0520","fg0159","fg0024","fg0272","fg0948","fg0057","fg0670","fg0368","fg0056","fg0188","fg0164","fg0232","fg0942"
"fq003274","vx_0abe2279e1528eca","fg0823","1","fg0823","fg0071","fg0682","fg0907","fg0565","fg0541","fg0123","fg0520","fg0368","fg0164","fg0159","fg0188","fg0024","fg0272","fg0890","fg0358","fg0446","fg0670","fg0232","fg0568"
"fq003275","vx_0abe2279e1528eca","fg0823","1","fg0823","fg0071","fg0682","fg0890","fg0024","fg0541","fg0948","fg0056","fg0164","fg0232","fg0123","fg0907","fg0942","fg0454","fg0585","fg0520","fg0368","fg0565","fg0371","fg0670"
"fq003276","vx_0abe2279e1528eca","fg0823","1","fg0823","fg0071","fg0890","fg0682","fg0943","fg0907","fg0541","fg0565","fg0056","fg0164","fg0563","fg0711","fg0857","fg0940","fg0024","fg0520","fg0123","fg0368","fg0942","fg0371"
"fq003277","vx_0abe2279e1528eca","fg0823","1","fg0823","fg0071","fg0890","fg0682","fg0024","fg0541","fg0232","fg0948","fg0164","fg0123","fg0520","fg0056","fg0907","fg0942","fg0565","fg0454","fg0585","fg0368","fg0943","fg0832"
"fq003278","vx_0abe2279e1528eca","fg0823","1","fg0823","fg0071","fg0682","fg0541","fg0024","fg0123","fg0565","fg0164","fg0056","fg0520","fg0907","fg0943","fg0890","fg0948","fg0832","fg0232","fg0272","fg0368","fg0454","fg0942"
"fq003279","vx_0abe2279e1528eca","fg0823","1","fg0823","fg0071","fg0682","fg0541","fg0907","fg0565","fg0890","fg0123","fg0024","fg0520","fg0368","fg0832","fg0164","fg0948","fg0232","fg0942","fg0943","fg0004","fg0272","fg0446"
"fq003280","vx_0abe2279e1528eca","fg0823","1","fg0823","fg0071","fg0907","fg0682","fg0541","fg0368","fg0565","fg0520","fg0454","fg0890","fg0123","fg0164","fg0948","fg0272","fg0024","fg0159","fg0943","fg0232","fg0832","fg0857"
"fq003281","vx_0abe2279e1528eca","fg0823","1","fg0823","fg0071","fg0682","fg0541","fg0024","fg0890","fg0232","fg0565","fg0948","fg0454","fg0164","fg0123","fg0520","fg0056","fg0942","fg0272","fg0585","fg0368","fg0907","fg0446"
"fq003282","vx_0abe2279e1528eca","fg0823","1","fg0823","fg0071","fg0682","fg0541","fg0024","fg0890","fg0164","fg0948","fg0520","fg0232","fg0454","fg0123","fg0565","fg0368","fg0907","fg0832","fg0942","fg0585","fg0056","fg0272"
"fq003283","vx_0abe2279e1528eca","fg0823","1","fg0823","fg0071","fg0682","fg0890","fg0541","fg0024","fg0232","fg0948","fg0164","fg0056","fg0123","fg0585","fg0711","fg0942","fg0454","fg0565","fg0368","fg0520","fg0670","fg0907"
"fq003613","vx_bc94ac78684f3035","fg0857","2","fg0541","fg0857","fg0426","fg0377","fg0907","fg0432","fg0832","fg0711","fg0943","fg0074","fg0197","fg0868","fg0520","fg0024","fg0164","fg0568","fg0271","fg0004","fg0112","fg0801"
"fq003614","vx_bc94ac78684f3035","fg0857","1","fg0857","fg0541","fg0581","fg0197","fg0710","fg0670","fg0943","fg0940","fg0377","fg0004","fg0133","fg0371","fg0801","fg0682","fg0515","fg0944","fg0584","fg0822","fg0024","fg0112"
"fq000363","vx_5bad01e92f5ce422","fg0071","1","fg0071","fg0823","fg0943","fg0682","fg0446","fg0672","fg0706","fg0868","fg0359","fg0568","fg0981","fg0188","fg0944","fg0164","fg0159","fg0272","fg0123","fg0331","fg0169","fg0439"
"fq000364","vx_5bad01e92f5ce422","fg0071","1","fg0071","fg0823","fg0446","fg0682","fg0943","fg0568","fg0706","fg0359","fg0672","fg0432","fg0981","fg0520","fg0944","fg0331","fg0868","fg0159","fg0123","fg0089","fg0368","fg0164"
"fq002518","vx_85c84fb052b16a5d","fg0584","1","fg0584","fg0139","fg0604","fg0075","fg0568","fg0004","fg0024","fg0426","fg0948","fg0197","fg0123","fg0115","fg0454","fg0432","fg0136","fg0446","fg0706","fg0057","fg0011","fg0257"
"fq002519","vx_85c84fb052b16a5d","fg0584","1","fg0584","fg0139","fg0075","fg0568","fg0604","fg0004","fg0115","fg0446","fg0197","fg0057","fg0123","fg0454","fg0112","fg0432","fg0426","fg0024","fg0371","fg0011","fg0706","fg0801"
"fq000753","vx_d5c75453fb8f2e73","fg0169","1","fg0169","fg0868","fg0944","fg0124","fg0969","fg0515","fg0568","fg0159","fg0317","fg0272","fg0071","fg0432","fg0710","fg0377","fg0426","fg0597","fg0089","fg0446","fg0653","fg0368"
"fq000371","vx_b6b3e47aa51b2371","fg0075","1","fg0075","fg0139","fg0377","fg0610","fg0584","fg0317","fg0732","fg0426","fg0407","fg0890","fg0597","fg0112","fg0057","fg0159","fg0080","fg0446","fg0011","fg0110","fg0981","fg0358"
"fq000372","vx_b6b3e47aa51b2371","fg0075","1","fg0075","fg0926","fg0377","fg0139","fg0426","fg0610","fg0317","fg0584","fg0446","fg0112","fg0732","fg0407","fg0057","fg0080","fg0597","fg0706","fg0682","fg0473","fg0333","fg0942"
"fq000373","vx_b6b3e47aa51b2371","fg0075","1","fg0075","fg0926","fg0377","fg0139","fg0317","fg0426","fg0584","fg0610","fg0732","fg0446","fg0407","fg0520","fg0057","fg0890","fg0112","fg0653","fg0080","fg0333","fg0597","fg0670"
"fq000374","vx_b6b3e47aa51b2371","fg0075","1","fg0075","fg0139","fg0377","fg0584","fg0317","fg0426","fg0610","fg0446","fg0112","fg0407","fg0732","fg0926","fg0057","fg0597","fg0711","fg0710","fg0011","fg0568","fg0520","fg0682"
"fq000375","vx_b6b3e47aa51b2371","fg0075","1","fg0075","fg0139","fg0377","fg0584","fg0610","fg0426","fg0317","fg0446","fg0732","fg0407","fg0112","fg0159","fg0568","fg0942","fg0080","fg0057","fg0011","fg0333","fg0711","fg0473"
"fq000376","vx_b6b3e47aa51b2371","fg0075","1","fg0075","fg0139","fg0377","fg0926","fg0317","fg0426","fg0610","fg0584","fg0732","fg0446","fg0407","fg0597","fg0112","fg0057","fg0080","fg0520","fg0710","fg0271","fg0682","fg0711"
"fq000377","vx_b6b3e47aa51b2371","fg0075","1","fg0075","fg0139","fg0377","fg0610","fg0317","fg0426","fg0732","fg0584","fg0926","fg0446","fg0057","fg0112","fg0407","fg0080","fg0942","fg0682","fg0597","fg0568","fg0333","fg0011"
"fq000378","vx_b6b3e47aa51b2371","fg0075","1","fg0075","fg0139","fg0377","fg0732","fg0610","fg0426","fg0584","fg0317","fg0446","fg0112","fg0407","fg0080","fg0670","fg0011","fg0597","fg0057","fg0643","fg0682","fg0568","fg0333"
"fq000370","vx_05e7b6f00cb33be9","fg0074","1","fg0074","fg0377","fg0371","fg0969","fg0197","fg0439","fg0236","fg0822","fg0368","fg0981","fg0400","fg0232","fg0133","fg0352","fg0446","fg0356","fg0682","fg0565","fg0426","fg0672"
"fq002457","vx_51908dae37c0e386","fg0565","1","fg0565","fg0541","fg0159","fg0670","fg0669","fg0331","fg0585","fg0563","fg0857","fg0942","fg0271","fg0801","fg0446","fg0377","fg0706","fg0136","fg0943","fg0004","fg0333","fg0672"
"fq002458","vx_51908dae37c0e386","fg0565","1","fg0565","fg0541","fg0669","fg0159","fg0377","fg0368","fg0331","fg0004","fg0942","fg0610","fg0823","fg0801","fg0446","fg0563","fg0080","fg0944","fg0943","fg0136","fg0832","fg0333"
"fq002336","vx_409efbcd946f4cd6","fg0520","1","fg0520","fg0197","fg0832","fg0446","fg0711","fg0643","fg0115","fg0236","fg0597","fg0344","fg0585","fg0969","fg0444","fg0057","fg0004","fg0139","fg0080","fg0232","fg0568","fg0710"
"fq002337","vx_409efbcd946f4cd6","fg0520","1","fg0520","fg0197","fg0643","fg0446","fg0969","fg0832","fg0907","fg0597","fg0942","fg0444","fg0167","fg0169","fg0057","fg0711","fg0344","fg0823","fg0071","fg0236","fg0682","fg0139"
"fq002338","vx_409efbcd946f4cd6","fg0520","1","fg0520","fg0197","fg0643","fg0446","fg0832","fg0597","fg0711","fg0115","fg0969","fg0236","fg0585","fg0823","fg0071","fg0057","fg0344","fg0080","fg0139","fg0907","fg0444","fg0710"
"fq002339","vx_409efbcd946f4cd6","fg0520","1","fg0520","fg0197","fg0832","fg0446","fg0643","fg0115","fg0597","fg0711","fg0969","fg0236","fg0585","fg0057","fg0444","fg0682","fg0080","fg0907","fg0823","fg0139","fg0710","fg0344"
"fq002340","vx_409efbcd946f4cd6","fg0520","1","fg0520","fg0197","fg0446","fg0643","fg0832","fg0597","fg0969","fg0115","fg0907","fg0711","fg0710","fg0236","fg0585","fg0057","fg0080","fg0444","fg0942","fg0011","fg0344","fg0568"
"fq002663","vx_8103a3d80ea48603","fg0653","1","fg0653","fg0377","fg0444","fg0568","fg0071","fg0439","fg0057","fg0890","fg0940","fg0188","fg0004","fg0432","fg0331","fg0823","fg0907","fg0541","fg0123","fg0368","fg0333","fg0257"
"fq002664","vx_8103a3d80ea48603","fg0653","1","fg0653","fg0377","fg0444","fg0432","fg0368","fg0568","fg0333","fg0940","fg0004","fg0446","fg0257","fg0439","fg0890","fg0071","fg0857","fg0188","fg0926","fg0164","fg0454","fg0167"
"fq002665","vx_8103a3d80ea48603","fg0653","1","fg0653","fg0377","fg0057","fg0432","fg0940","fg0368","fg0071","fg0331","fg0188","fg0568","fg0128","fg0541","fg0890","fg0074","fg0520","fg0004","fg0672","fg0907","fg0944","fg0123"
"fq002666","vx_8103a3d80ea48603","fg0653","1","fg0653","fg0377","fg0057","fg0940","fg0368","fg0432","fg0071","fg0188","fg0568","fg0832","fg0004","fg0331","fg0074","fg0333","fg0890","fg0541","fg0128","fg0133","fg0944","fg0585"
"fq002667","vx_8103a3d80ea48603","fg0653","1","fg0653","fg0377","fg0444","fg0071","fg0368","fg0940","fg0568","fg0432","fg0188","fg0128","fg0004","fg0439","fg0890","fg0823","fg0074","fg0710","fg0167","fg0331","fg0164","fg0057"
"fq002668","vx_8103a3d80ea48603","fg0653","1","fg0653","fg0377","fg0940","fg0444","fg0439","fg0568","fg0890","fg0823","fg0071","fg0004","fg0167","fg0368","fg0432","fg0074","fg0164","fg0188","fg0331","fg0857","fg0581","fg0128"
"fq002669","vx_8103a3d80ea48603","fg0653","3","fg0057","fg0377","fg0653","fg0541","fg0832","fg0432","fg0868","fg0123","fg0331","fg0711","fg0333","fg0188","fg0568","fg0672","fg0071","fg0563","fg0940","fg0520","fg0368","fg0074"
"fq002670","vx_8103a3d80ea48603","fg0653","1","fg0653","fg0377","fg0444","fg0057","fg0890","fg0188","fg0071","fg0568","fg0004","fg0439","fg0368","fg0801","fg0981","fg0123","fg0541","fg0331","fg0257","fg0868","fg0917","fg0167"
"fq002671","vx_8103a3d80ea48603","fg0653","1","fg0653","fg0377","fg0057","fg0432","fg0940","fg0568","fg0368","fg0128","fg0890","fg0331","fg0004","fg0439","fg0188","fg0832","fg0074","fg0541","fg0444","fg0944","fg0710","fg0167"
"fq004093","vx_d3d0aef95e15e5e8","fg0948","1","fg0948","fg0358","fg0232","fg0400","fg0257","fg0331","fg0823","fg0123","fg0359","fg0682","fg0057","fg0832","fg0271","fg0407","fg0584","fg0732","fg0124","fg0024","fg0515","fg0907"
"fq004094","vx_d3d0aef95e15e5e8","fg0948","1","fg0948","fg0232","fg0358","fg0400","fg0331","fg0123","fg0257","fg0823","fg0271","fg0584","fg0124","fg0359","fg0057","fg0426","fg0682","fg0706","fg0732","fg0944","fg0832","fg0024"
"fq004095","vx_d3d0aef95e15e5e8","fg0948","1","fg0948","fg0358","fg0232","fg0400","fg0257","fg0123","fg0331","fg0682","fg0271","fg0584","fg0057","fg0832","fg0823","fg0359","fg0124","fg0407","fg0732","fg0024","fg0706","fg0907"
"fq004096","vx_d3d0aef95e15e5e8","fg0948","1","fg0948","fg0358","fg0232","fg0257","fg0331","fg0400","fg0123","fg0682","fg0823","fg0271","fg0057","fg0359","fg0584","fg0407","fg0907","fg0832","fg0124","fg0732","fg0024","fg0139"
"fq004097","vx_d3d0aef95e15e5e8","fg0948","1","fg0948","fg0358","fg0232","fg0257","fg0331","fg0400","fg0123","fg0823","fg0682","fg0271","fg0057","fg0359","fg0832","fg0584","fg0407","fg0124","fg0732","fg0907","fg0706","fg0024"
"fq004098","vx_d3d0aef95e15e5e8","fg0948","1","fg0948","fg0358","fg0057","fg0823","fg0257","fg0400","fg0123","fg0682","fg0271","fg0331","fg0907","fg0164","fg0599","fg0604","fg0426","fg0584","fg0407","fg0232","fg0832","fg0940"
"fq004099","vx_d3d0aef95e15e5e8","fg0948","1","fg0948","fg0358","fg0232","fg0400","fg0123","fg0257","fg0331","fg0823","fg0359","fg0832","fg0271","fg0057","fg0682","fg0584","fg0124","fg0732","fg0407","fg0907","fg0706","fg0139"
"fq004100","vx_d3d0aef95e15e5e8","fg0948","1","fg0948","fg0358","fg0232","fg0400","fg0257","fg0123","fg0331","fg0271","fg0057","fg0832","fg0823","fg0682","fg0407","fg0584","fg0907","fg0359","fg0706","fg0164","fg0024","fg0124"
"fq004101","vx_d3d0aef95e15e5e8","fg0948","1","fg0948","fg0232","fg0358","fg0123","fg0257","fg0400","fg0331","fg0124","fg0271","fg0584","fg0823","fg0944","fg0706","fg0359","fg0732","fg0057","fg0682","fg0907","fg0407","fg0832"
"fq004102","vx_d3d0aef95e15e5e8","fg0948","1","fg0948","fg0358","fg0232","fg0400","fg0257","fg0331","fg0123","fg0271","fg0057","fg0359","fg0584","fg0682","fg0823","fg0832","fg0407","fg0124","fg0732","fg0024","fg0706","fg0907"
"fq004103","vx_d3d0aef95e15e5e8","fg0948","1","fg0948","fg0358","fg0232","fg0400","fg0257","fg0123","fg0331","fg0823","fg0057","fg0682","fg0271","fg0407","fg0359","fg0832","fg0584","fg0907","fg0732","fg0706","fg0124","fg0024"
"fq004104","vx_d3d0aef95e15e5e8","fg0948","1","fg0948","fg0358","fg0232","fg0400","fg0331","fg0123","fg0257","fg0823","fg0057","fg0359","fg0584","fg0271","fg0682","fg0832","fg0124","fg0024","fg0907","fg0732","fg0407","fg0706"
"fq002454","vx_6a45877a9e63565c","fg0563","1","fg0563","fg0333","fg0133","fg0711","fg0159","fg0726","fg0271","fg0432","fg0188","fg0257","fg0112","fg0400","fg0801","fg0167","fg0439","fg0944","fg0495","fg0071","fg0317","fg0907"
"fq002647","vx_bf265a20a1fb6fc9","fg0643","1","fg0643","fg0164","fg0520","fg0056","fg0407","fg0839","fg0331","fg0876","fg0188","fg0352","fg0075","fg0454","fg0597","fg0822","fg0515","fg0426","fg0344","fg0711","fg0907","fg0359"
"fq004067","vx_c4e6199e9b324948","fg0944","1","fg0944","fg0004","fg0672","fg0926","fg0822","fg0710","fg0444","fg0071","fg0942","fg0377","fg0670","fg0563","fg0857","fg0993","fg0706","fg0333","fg0200","fg0123","fg0344","fg0943"
"fq004068","vx_c4e6199e9b324948","fg0944","1","fg0944","fg0672","fg0868","fg0004","fg0942","fg0907","fg0123","fg0333","fg0541","fg0057","fg0926","fg0670","fg0917","fg0832","fg0993","fg0822","fg0200","fg0710","fg0706","fg0074"
"fq004069","vx_c4e6199e9b324948","fg0944","1","fg0944","fg0004","fg0868","fg0672","fg0670","fg0710","fg0377","fg0832","fg0057","fg0822","fg0541","fg0333","fg0942","fg0344","fg0563","fg0188","fg0164","fg0331","fg0200","fg0917"
"fq004070","vx_c4e6199e9b324948","fg0944","1","fg0944","fg0004","fg0926","fg0857","fg0672","fg0942","fg0074","fg0371","fg0071","fg0993","fg0377","fg0832","fg0444","fg0568","fg0432","fg0822","fg0670","fg0917","fg0710","fg0089"
"fq004071","vx_c4e6199e9b324948","fg0944","1","fg0944","fg0074","fg0926","fg0004","fg0672","fg0942","fg0868","fg0057","fg0541","fg0333","fg0822","fg0371","fg0907","fg0917","fg0832","fg0377","fg0568","fg0188","fg0670","fg0123"
"fq004072","vx_c4e6199e9b324948","fg0944","1","fg0944","fg0926","fg0004","fg0074","fg0672","fg0993","fg0942","fg0371","fg0822","fg0832","fg0857","fg0568","fg0071","fg0057","fg0706","fg0377","fg0124","fg0710","fg0444","fg0333"
"fq004073","vx_c4e6199e9b324948","fg0944","1","fg0944","fg0004","fg0672","fg0926","fg0057","fg0200","fg0670","fg0942","fg0907","fg0123","fg0333","fg0993","fg0444","fg0188","fg0868","fg0832","fg0710","fg0706","fg0071","fg0822"
"fq004074","vx_c4e6199e9b324948","fg0944","1","fg0944","fg0926","fg0074","fg0004","fg0133","fg0822","fg0124","fg0672","fg0942","fg0377","fg0602","fg0188","fg0352","fg0857","fg0333","fg0917","fg0993","fg0071","fg0832","fg0123"
"fq004075","vx_c4e6199e9b324948","fg0944","1","fg0944","fg0004","fg0926","fg0672","fg0857","fg0710","fg0942","fg0071","fg0993","fg0822","fg0074","fg0444","fg0333","fg0832","fg0706","fg0057","fg0371","fg0515","fg0200","fg0917"
"fq004076","vx_c4e6199e9b324948","fg0944","1","fg0944","fg0926","fg0074","fg0004","fg0672","fg0377","fg0822","fg0710","fg0857","fg0993","fg0868","fg0942","fg0670","fg0907","fg0568","fg0371","fg0123","fg0917","fg0333","fg0071"
"fq004077","vx_c4e6199e9b324948","fg0944","1","fg0944","fg0926","fg0004","fg0672","fg0993","fg0822","fg0857","fg0074","fg0710","fg0942","fg0057","fg0071","fg0200","fg0940","fg0333","fg0832","fg0371","fg0917","fg0868","fg0706"
"fq004078","vx_c4e6199e9b324948","fg0944","1","fg0944","fg0926","fg0004","fg0672","fg0124","fg0993","fg0832","fg0942","fg0074","fg0057","fg0071","fg0710","fg0822","fg0333","fg0371","fg0857","fg0706","fg0432","fg0200","fg0377"
"fq004079","vx_c4e6199e9b324948","fg0944","1","fg0944","fg0004","fg0868","fg0822","fg0670","fg0200","fg0672","fg0942","fg0377","fg0344","fg0857","fg0710","fg0917","fg0926","fg0071","fg0832","fg0188","fg0123","fg0057","fg0444"
"fq004080","vx_c4e6199e9b324948","fg0944","1","fg0944","fg0926","fg0004","fg0124","fg0672","fg0993","fg0942","fg0123","fg0710","fg0071","fg0074","fg0089","fg0333","fg0670","fg0822","fg0907","fg0706","fg0917","fg0352","fg0200"
"fq004081","vx_c4e6199e9b324948","fg0944","1","fg0944","fg0004","fg0074","fg0857","fg0942","fg0672","fg0926","fg0822","fg0371","fg0710","fg0868","fg0444","fg0377","fg0432","fg0670","fg0568","fg0188","fg0123","fg0333","fg0993"
"fq004082","vx_c4e6199e9b324948","fg0944","1","fg0944","fg0004","fg0926","fg0672","fg0993","fg0822","fg0942","fg0071","fg0568","fg0123","fg0333","fg0074","fg0710","fg0089","fg0057","fg0200","fg0371","fg0706","fg0917","fg0857"
"fq004083","vx_c4e6199e9b324948","fg0944","1","fg0944","fg0004","fg0672","fg0926","fg0822","fg0710","fg0993","fg0071","fg0200","fg0057","fg0868","fg0832","fg0942","fg0333","fg0123","fg0857","fg0706","fg0917","fg0089","fg0670"
"fq004084","vx_c4e6199e9b324948","fg0944","1","fg0944","fg0541","fg0868","fg0123","fg0832","fg0907","fg0377","fg0670","fg0672","fg0432","fg0333","fg0074","fg0004","fg0112","fg0942","fg0057","fg0188","fg0568","fg0371","fg0344"
"fq004085","vx_c4e6199e9b324948","fg0944","1","fg0944","fg0004","fg0926","fg0672","fg0993","fg0942","fg0710","fg0371","fg0822","fg0071","fg0333","fg0074","fg0832","fg0123","fg0057","fg0089","fg0444","fg0706","fg0670","fg0200"
"fq000861","vx_8b7a69f624e1a65f","fg0188","1","fg0188","fg0602","fg0495","fg0446","fg0669","fg0857","fg0071","fg0317","fg0011","fg0610","fg0823","fg0981","fg0089","fg0167","fg0604","fg0164","fg0917","fg0128","fg0568","fg0563"
"fq002046","vx_994e56455ec0c117","fg0444","4","fg0128","fg0071","fg0823","fg0444","fg0200","fg0541","fg0368","fg0940","fg0188","fg0123","fg0710","fg0565","fg0832","fg0236","fg0672","fg0232","fg0653","fg0164","fg0822","fg0520"
"fq002047","vx_994e56455ec0c117","fg0444","4","fg0128","fg0823","fg0071","fg0444","fg0541","fg0368","fg0232","fg0940","fg0236","fg0200","fg0123","fg0565","fg0188","fg0164","fg0832","fg0818","fg0710","fg0520","fg0653","fg0801"
"fq002048","vx_994e56455ec0c117","fg0444","4","fg0128","fg0823","fg0071","fg0444","fg0236","fg0541","fg0232","fg0940","fg0710","fg0368","fg0164","fg0188","fg0200","fg0565","fg0818","fg0832","fg0123","fg0917","fg0344","fg0653"
"fq000535","vx_c592b26126205203","fg0110","1","fg0110","fg0590","fg0011","fg0377","fg0128","fg0726","fg0890","fg0822","fg0818","fg0876","fg0352","fg0454","fg0169","fg0969","fg0710","fg0568","fg0711","fg0839","fg0732","fg0473"
"fq000536","vx_c592b26126205203","fg0110","1","fg0110","fg0377","fg0011","fg0590","fg0726","fg0822","fg0128","fg0890","fg0818","fg0352","fg0969","fg0710","fg0876","fg0169","fg0454","fg0568","fg0732","fg0711","fg0839","fg0473"
"fq002499","vx_ce65eec3df007d0e","fg0581","1","fg0581","fg0670","fg0515","fg0669","fg0317","fg0857","fg0993","fg0876","fg0074","fg0653","fg0197","fg0200","fg0822","fg0358","fg0271","fg0124","fg0167","fg0377","fg0563","fg0133"
"fq000569","vx_3fe85769fe1c4fb2","fg0115","1","fg0115","fg0446","fg0200","fg0585","fg0672","fg0444","fg0112","fg0584","fg0331","fg0359","fg0080","fg0368","fg0167","fg0520","fg0358","fg0426","fg0832","fg0706","fg0801","fg0512"
"fq003815","vx_c1c248db2cfa94ff","fg0876","1","fg0876","fg0439","fg0822","fg0610","fg0495","fg0056","fg0969","fg0317","fg0732","fg0602","fg0358","fg0940","fg0200","fg0581","fg0123","fg0331","fg0075","fg0565","fg0670","fg0857"
"fq003816","vx_c1c248db2cfa94ff","fg0876","1","fg0876","fg0439","fg0610","fg0822","fg0317","fg0969","fg0940","fg0602","fg0075","fg0200","fg0056","fg0358","fg0670","fg0133","fg0732","fg0159","fg0188","fg0112","fg0942","fg0272"
"fq004180","vx_21f76e22999fde3e","fg0969","1","fg0969","fg0917","fg0876","fg0371","fg0515","fg0074","fg0585","fg0597","fg0169","fg0123","fg0110","fg0520","fg0822","fg0197","fg0089","fg0818","fg0568","fg0439","fg0080","fg0400"
"fq003265","vx_86763de1bbf854d6","fg0822","1","fg0822","fg0439","fg0876","fg0352","fg0890","fg0110","fg0969","fg0706","fg0726","fg0356","fg0188","fg0074","fg0024","fg0197","fg0670","fg0818","fg0139","fg0711","fg0801","fg0907"
"fq000254","vx_12b3b3af815b7c44","fg0057","1","fg0057","fg0832","fg0670","fg0426","fg0801","fg0711","fg0948","fg0520","fg0271","fg0944","fg0139","fg0446","fg0377","fg0004","fg0432","fg0074","fg0473","fg0822","fg0541","fg0356"
"fq002147","vx_7e0e04df1affb15d","fg0473","1","fg0473","fg0672","fg0159","fg0917","fg0446","fg0358","fg0706","fg0057","fg0832","fg0907","fg0868","fg0317","fg0439","fg0331","fg0940","fg0541","fg0344","fg0565","fg0004","fg0669"
"fq000751","vx_1e788e51725a6561","fg0167","1","fg0167","fg0446","fg0541","fg0331","fg0377","fg0568","fg0512","fg0115","fg0565","fg0159","fg0123","fg0653","fg0188","fg0057","fg0993","fg0581","fg0940","fg0317","fg0520","fg0981"
"fq004060","vx_01ee7817f0997ba0","fg0940","1","fg0940","fg0133","fg0801","fg0371","fg0732","fg0602","fg0377","fg0124","fg0590","fg0057","fg0942","fg0004","fg0917","fg0563","fg0672","fg0682","fg0139","fg0653","fg0080","fg0344"
"fq004061","vx_01ee7817f0997ba0","fg0940","1","fg0940","fg0371","fg0057","fg0133","fg0377","fg0200","fg0541","fg0344","fg0917","fg0801","fg0568","fg0732","fg0672","fg0565","fg0331","fg0653","fg0123","fg0075","fg0590","fg0585"
"fq002718","vx_bd5019bdd268d55b","fg0669","1","fg0669","fg0004","fg0565","fg0368","fg0371","fg0232","fg0868","fg0236","fg0056","fg0581","fg0080","fg0599","fg0597","fg0832","fg0943","fg0432","fg0439","fg0011","fg0726","fg0610"
"fq002719","vx_bd5019bdd268d55b","fg0669","1","fg0669","fg0004","fg0368","fg0565","fg0371","fg0232","fg0868","fg0080","fg0832","fg0056","fg0597","fg0599","fg0011","fg0943","fg0236","fg0710","fg0439","fg0706","fg0581","fg0432"
"fq002720","vx_bd5019bdd268d55b","fg0669","1","fg0669","fg0004","fg0565","fg0368","fg0371","fg0232","fg0868","fg0080","fg0832","fg0056","fg0236","fg0581","fg0599","fg0439","fg0597","fg0011","fg0943","fg0432","fg0610","fg0473"
"fq000701","vx_4863d71843169712","fg0159","1","fg0159","fg0128","fg0541","fg0071","fg0823","fg0857","fg0868","fg0942","fg0565","fg0123","fg0331","fg0074","fg0188","fg0585","fg0004","fg0444","fg0563","fg0672","fg0432","fg0257"
"fq001895","vx_762cb25e676eecf6","fg0400","76","fg0541","fg0868","fg0057","fg0123","fg0112","fg0907","fg0670","fg0832","fg0432","fg0568","fg0711","fg0333","fg0857","fg0672","fg0188","fg0426","fg0942","fg0271","fg0377","fg0943"
"fq000065","vx_c263d2029971d40e","fg0024","1","fg0024","fg0670","fg0584","fg0823","fg0541","fg0981","fg0331","fg0136","fg0232","fg0822","fg0672","fg0948","fg0358","fg0563","fg0333","fg0917","fg0197","fg0115","fg0344","fg0352"
"fq000066","vx_c263d2029971d40e","fg0024","1","fg0024","fg0670","fg0981","fg0584","fg0823","fg0822","fg0541","fg0331","fg0672","fg0358","fg0136","fg0232","fg0563","fg0948","fg0271","fg0333","fg0139","fg0197","fg0089","fg0115"
"fq000443","vx_352c9a6f701b6bcd","fg0089","1","fg0089","fg0907","fg0004","fg0271","fg0541","fg0832","fg0969","fg0377","fg0124","fg0602","fg0133","fg0071","fg0110","fg0512","fg0710","fg0890","fg0057","fg0711","fg0432","fg0801"
"fq000444","vx_352c9a6f701b6bcd","fg0089","1","fg0089","fg0907","fg0004","fg0271","fg0969","fg0124","fg0512","fg0071","fg0602","fg0400","fg0832","fg0710","fg0541","fg0407","fg0133","fg0188","fg0981","fg0944","fg0432","fg0520"
"fq000445","vx_352c9a6f701b6bcd","fg0089","1","fg0089","fg0004","fg0907","fg0271","fg0969","fg0710","fg0071","fg0377","fg0832","fg0124","fg0602","fg0133","fg0512","fg0890","fg0188","fg0541","fg0520","fg0981","fg0672","fg0711"
"fq000446","vx_352c9a6f701b6bcd","fg0089","1","fg0089","fg0907","fg0004","fg0969","fg0271","fg0602","fg0124","fg0512","fg0832","fg0188","fg0377","fg0710","fg0071","fg0407","fg0133","fg0541","fg0890","fg0400","fg0520","fg0011"
"fq000447","vx_352c9a6f701b6bcd","fg0089","1","fg0089","fg0907","fg0004","fg0271","fg0969","fg0071","fg0602","fg0710","fg0512","fg0124","fg0407","fg0188","fg0400","fg0520","fg0890","fg0832","fg0011","fg0057","fg0115","fg0377"
"fq000448","vx_352c9a6f701b6bcd","fg0089","1","fg0089","fg0907","fg0271","fg0004","fg0969","fg0512","fg0981","fg0710","fg0124","fg0541","fg0832","fg0071","fg0602","fg0133","fg0400","fg0890","fg0188","fg0520","fg0352","fg0407"
"fq002539","vx_807e4756b8037c20","fg0599","1","fg0599","fg0672","fg0565","fg0331","fg0832","fg0541","fg0426","fg0944","fg0568","fg0407","fg0271","fg0515","fg0682","fg0115","fg0377","fg0473","fg0112","fg0133","fg0368","fg0089"
"fq001658","vx_002e6e5e7d1d6910","fg0344","1","fg0344","fg0197","fg0868","fg0711","fg0426","fg0993","fg0128","fg0610","fg0004","fg0801","fg0981","fg0563","fg0653","fg0940","fg0432","fg0942","fg0080","fg0200","fg0568","fg0520"
"fq001659","vx_002e6e5e7d1d6910","fg0344","1","fg0344","fg0197","fg0868","fg0711","fg0426","fg0993","fg0004","fg0520","fg0610","fg0801","fg0128","fg0568","fg0940","fg0653","fg0139","fg0133","fg0271","fg0377","fg0071","fg0371"
"fq001660","vx_002e6e5e7d1d6910","fg0344","1","fg0344","fg0197","fg0868","fg0711","fg0426","fg0993","fg0004","fg0128","fg0610","fg0981","fg0801","fg0940","fg0024","fg0232","fg0653","fg0563","fg0520","fg0074","fg0670","fg0110"
"fq001661","vx_002e6e5e7d1d6910","fg0344","1","fg0344","fg0541","fg0868","fg0426","fg0197","fg0711","fg0377","fg0943","fg0563","fg0568","fg0801","fg0074","fg0832","fg0271","fg0653","fg0917","fg0907","fg0317","fg0133","fg0004"
"fq001662","vx_002e6e5e7d1d6910","fg0344","1","fg0344","fg0868","fg0711","fg0197","fg0426","fg0563","fg0377","fg0610","fg0541","fg0568","fg0801","fg0128","fg0432","fg0368","fg0710","fg0520","fg0123","fg0653","fg0071","fg0993"
"fq002973","vx_e5eb5bc973b9e08a","fg0732","72","fg0585","fg0857","fg0943","fg0112","fg0080","fg0377","fg0568","fg0056","fg0969","fg0257","fg0123","fg0890","fg0653","fg0541","fg0801","fg0515","fg0439","fg0446","fg0352","fg0602"
"fq002847","vx_454df86479b778fe","fg0711","1","fg0711","fg0344","fg0832","fg0563","fg0444","fg0257","fg0368","fg0520","fg0011","fg0473","fg0057","fg0112","fg0822","fg0377","fg0670","fg0943","fg0495","fg0004","fg0446","fg0056"
"fq002848","vx_454df86479b778fe","fg0711","1","fg0711","fg0344","fg0563","fg0832","fg0257","fg0011","fg0056","fg0670","fg0057","fg0520","fg0112","fg0444","fg0368","fg0473","fg0377","fg0446","fg0515","fg0599","fg0432","fg0706"
"fq002849","vx_454df86479b778fe","fg0711","1","fg0711","fg0344","fg0563","fg0257","fg0832","fg0670","fg0377","fg0444","fg0011","fg0057","fg0368","fg0056","fg0520","fg0439","fg0112","fg0432","fg0004","fg0473","fg0599","fg0136"
"fq002850","vx_454df86479b778fe","fg0711","1","fg0711","fg0565","fg0541","fg0057","fg0344","fg0377","fg0446","fg0563","fg0832","fg0112","fg0368","fg0822","fg0004","fg0495","fg0706","fg0444","fg0074","fg0943","fg0333","fg0317"
"fq002851","vx_454df86479b778fe","fg0711","1","fg0711","fg0344","fg0563","fg0832","fg0257","fg0444","fg0057","fg0112","fg0056","fg0520","fg0011","fg0473","fg0368","fg0377","fg0670","fg0706","fg0439","fg0446","fg0822","fg0599"
"fq002852","vx_454df86479b778fe","fg0711","1","fg0711","fg0344","fg0563","fg0257","fg0832","fg0011","fg0520","fg0670","fg0444","fg0368","fg0056","fg0057","fg0515","fg0599","fg0377","fg0439","fg0706","fg0473","fg0139","fg0112"
"fq002853","vx_454df86479b778fe","fg0711","1","fg0711","fg0344","fg0563","fg0832","fg0368","fg0444","fg0057","fg0112","fg0446","fg0011","fg0706","fg0822","fg0056","fg0377","fg0257","fg0473","fg0004","fg0520","fg0672","fg0599"
"fq002854","vx_454df86479b778fe","fg0711","1","fg0711","fg0344","fg0832","fg0444","fg0563","fg0541","fg0368","fg0112","fg0822","fg0377","fg0520","fg0706","fg0057","fg0446","fg0943","fg0439","fg0257","fg0599","fg0004","fg0089"
"fq002855","vx_454df86479b778fe","fg0711","1","fg0711","fg0344","fg0541","fg0832","fg0563","fg0444","fg0057","fg0377","fg0368","fg0446","fg0822","fg0112","fg0520","fg0439","fg0706","fg0943","fg0004","fg0672","fg0257","fg0599"
"fq002050","vx_050df1ef52f29c87","fg0446","27","fg0917","fg0585","fg0943","fg0541","fg0669","fg0257","fg0590","fg0112","fg0706","fg0515","fg0011","fg0426","fg0839","fg0942","fg0565","fg0969","fg0599","fg0907","fg0832","fg0080"
"fq001757","vx_288a234a0d7022d6","fg0359","1","fg0359","fg0159","fg0604","fg0368","fg0948","fg0115","fg0232","fg0011","fg0139","fg0167","fg0907","fg0993","fg0942","fg0839","fg0333","fg0136","fg0876","fg0358","fg0112","fg0439"
"fq002723","vx_f2b27beae3e07649","fg0672","1","fg0672","fg0599","fg0400","fg0868","fg0358","fg0115","fg0071","fg0568","fg0331","fg0944","fg0432","fg0123","fg0024","fg0368","fg0515","fg0473","fg0074","fg0670","fg0541","fg0563"
"fq002724","vx_f2b27beae3e07649","fg0672","1","fg0672","fg0599","fg0868","fg0358","fg0071","fg0115","fg0400","fg0944","fg0568","fg0670","fg0123","fg0331","fg0024","fg0432","fg0368","fg0074","fg0515","fg0711","fg0159","fg0563"
"fq002725","vx_f2b27beae3e07649","fg0672","1","fg0672","fg0599","fg0358","fg0868","fg0115","fg0944","fg0568","fg0515","fg0024","fg0071","fg0400","fg0473","fg0123","fg0368","fg0331","fg0670","fg0432","fg0074","fg0257","fg0407"
"fq003923","vx_0416a2375de6999c","fg0907","1","fg0907","fg0541","fg0197","fg0074","fg0371","fg0868","fg0123","fg0670","fg0568","fg0200","fg0317","fg0515","fg0581","fg0818","fg0331","fg0672","fg0188","fg0943","fg0711","fg0057"
"fq003924","vx_0416a2375de6999c","fg0907","1","fg0907","fg0197","fg0541","fg0371","fg0074","fg0943","fg0670","fg0123","fg0331","fg0317","fg0200","fg0568","fg0868","fg0818","fg0581","fg0917","fg0515","fg0057","fg0188","fg0823"
"fq003925","vx_0416a2375de6999c","fg0907","1","fg0907","fg0541","fg0317","fg0123","fg0197","fg0568","fg0200","fg0331","fg0515","fg0074","fg0868","fg0115","fg0917","fg0670","fg0581","fg0711","fg0271","fg0057","fg0672","fg0823"
"fq000615","vx_e3405a4986814a79","fg0133","1","fg0133","fg0917","fg0942","fg0801","fg0940","fg0407","fg0159","fg0074","fg0563","fg0969","fg0541","fg0377","fg0123","fg0711","fg0602","fg0188","fg0818","fg0857","fg0439","fg0706"
"fq002021","vx_ed7c273f1b02ed33","fg0439","1","fg0439","fg0822","fg0610","fg0876","fg0473","fg0444","fg0200","fg0670","fg0331","fg0112","fg0818","fg0969","fg0344","fg0371","fg0197","fg0071","fg0271","fg0604","fg0541","fg0257"
"fq002022","vx_ed7c273f1b02ed33","fg0439","1","fg0439","fg0822","fg0876","fg0610","fg0473","fg0444","fg0200","fg0969","fg0604","fg0818","fg0197","fg0670","fg0112","fg0331","fg0371","fg0732","fg0344","fg0257","fg0004","fg0139"
"fq002023","vx_ed7c273f1b02ed33","fg0439","1","fg0439","fg0610","fg0876","fg0822","fg0426","fg0331","fg0541","fg0444","fg0271","fg0112","fg0344","fg0832","fg0653","fg0711","fg0670","fg0473","fg0857","fg0969","fg0123","fg0317"
"fq002024","vx_ed7c273f1b02ed33","fg0439","1","fg0439","fg0822","fg0610","fg0876","fg0473","fg0444","fg0331","fg0670","fg0426","fg0112","fg0969","fg0271","fg0818","fg0197","fg0344","fg0371","fg0200","fg0317","fg0653","fg0711"
"fq001227","vx_152d62abb88d9a5b","fg0257","1","fg0257","fg0948","fg0857","fg0331","fg0711","fg0670","fg0832","fg0377","fg0407","fg0541","fg0682","fg0993","fg0495","fg0917","fg0200","fg0432","fg0439","fg0358","fg0981","fg0512"
"fq001228","vx_152d62abb88d9a5b","fg0257","1","fg0257","fg0857","fg0948","fg0331","fg0670","fg0407","fg0377","fg0917","fg0711","fg0446","fg0439","fg0495","fg0832","fg0653","fg0682","fg0512","fg0993","fg0944","fg0358","fg0672"
"fq002062","vx_33a5960d124b06f3","fg0454","1","fg0454","fg0056","fg0136","fg0110","fg0004","fg0236","fg0446","fg0133","fg0876","fg0123","fg0823","fg0169","fg0940","fg0643","fg0584","fg0071","fg0672","fg0444","fg0164","fg0075"
"fq002063","vx_33a5960d124b06f3","fg0454","1","fg0454","fg0056","fg0004","fg0446","fg0136","fg0236","fg0584","fg0110","fg0123","fg0133","fg0876","fg0823","fg0643","fg0071","fg0672","fg0940","fg0128","fg0377","fg0075","fg0444"
"fq002312","vx_fc9a45743054f786","fg0515","1","fg0515","fg0969","fg0236","fg0581","fg0857","fg0541","fg0317","fg0352","fg0123","fg0672","fg0599","fg0944","fg0590","fg0568","fg0585","fg0356","fg0133","fg0706","fg0495","fg0602"
"fq002313","vx_fc9a45743054f786","fg0515","1","fg0515","fg0907","fg0541","fg0857","fg0969","fg0444","fg0123","fg0089","fg0133","fg0236","fg0581","fg0940","fg0944","fg0356","fg0568","fg0495","fg0585","fg0653","fg0948","fg0432"
"fq002314","vx_fc9a45743054f786","fg0515","1","fg0515","fg0236","fg0857","fg0581","fg0969","fg0541","fg0599","fg0123","fg0672","fg0317","fg0232","fg0495","fg0356","fg0711","fg0944","fg0169","fg0590","fg0710","fg0568","fg0706"
"fq002315","vx_fc9a45743054f786","fg0515","1","fg0515","fg0236","fg0857","fg0969","fg0581","fg0317","fg0541","fg0672","fg0599","fg0123","fg0944","fg0590","fg0352","fg0495","fg0232","fg0585","fg0356","fg0568","fg0710","fg0706"
"fq002316","vx_fc9a45743054f786","fg0515","1","fg0515","fg0444","fg0200","fg0969","fg0317","fg0236","fg0541","fg0352","fg0857","fg0432","fg0581","fg0944","fg0232","fg0672","fg0585","fg0590","fg0123","fg0568","fg0599","fg0711"
"fq002317","vx_fc9a45743054f786","fg0515","1","fg0515","fg0541","fg0236","fg0969","fg0317","fg0581","fg0857","fg0123","fg0352","fg0585","fg0944","fg0672","fg0568","fg0706","fg0942","fg0356","fg0071","fg0602","fg0188","fg0599"
"fq002318","vx_fc9a45743054f786","fg0515","1","fg0515","fg0969","fg0236","fg0857","fg0907","fg0541","fg0352","fg0317","fg0581","fg0123","fg0672","fg0585","fg0232","fg0599","fg0706","fg0356","fg0944","fg0590","fg0568","fg0495"
"fq002319","vx_fc9a45743054f786","fg0515","1","fg0515","fg0969","fg0236","fg0352","fg0317","fg0857","fg0581","fg0541","fg0672","fg0599","fg0232","fg0169","fg0590","fg0123","fg0356","fg0944","fg0585","fg0080","fg0732","fg0568"
"fq002320","vx_fc9a45743054f786","fg0515","1","fg0515","fg0236","fg0581","fg0969","fg0857","fg0317","fg0541","fg0123","fg0672","fg0599","fg0352","fg0232","fg0944","fg0585","fg0706","fg0568","fg0356","fg0710","fg0942","fg0169"
"fq002321","vx_fc9a45743054f786","fg0515","1","fg0515","fg0541","fg0236","fg0317","fg0123","fg0581","fg0857","fg0426","fg0706","fg0568","fg0672","fg0356","fg0969","fg0432","fg0944","fg0585","fg0711","fg0071","fg0133","fg0495"
"fq002322","vx_fc9a45743054f786","fg0515","1","fg0515","fg0236","fg0969","fg0857","fg0317","fg0581","fg0541","fg0672","fg0123","fg0599","fg0944","fg0232","fg0839","fg0371","fg0643","fg0585","fg0590","fg0568","fg0169","fg0133"
"fq002323","vx_fc9a45743054f786","fg0515","1","fg0515","fg0236","fg0969","fg0581","fg0317","fg0541","fg0857","fg0352","fg0944","fg0123","fg0585","fg0672","fg0590","fg0356","fg0706","fg0169","fg0495","fg0568","fg0602","fg0136"
"fq002324","vx_fc9a45743054f786","fg0515","1","fg0515","fg0236","fg0857","fg0969","fg0581","fg0541","fg0599","fg0317","fg0123","fg0672","fg0495","fg0356","fg0944","fg0590","fg0585","fg0706","fg0568","fg0232","fg0839","fg0643"
"fq002325","vx_fc9a45743054f786","fg0515","1","fg0515","fg0236","fg0857","fg0969","fg0317","fg0541","fg0581","fg0352","fg0599","fg0590","fg0585","fg0672","fg0169","fg0495","fg0232","fg0706","fg0123","fg0356","fg0568","fg0732"
"fq002326","vx_fc9a45743054f786","fg0515","1","fg0515","fg0541","fg0236","fg0581","fg0857","fg0969","fg0123","fg0672","fg0317","fg0356","fg0599","fg0706","fg0944","fg0232","fg0568","fg0585","fg0711","fg0495","fg0352","fg0432"
"fq002327","vx_fc9a45743054f786","fg0515","1","fg0515","fg0236","fg0541","fg0581","fg0857","fg0969","fg0317","fg0123","fg0672","fg0232","fg0706","fg0944","fg0356","fg0599","fg0711","fg0568","fg0495","fg0352","fg0169","fg0585"
"fq001787","vx_81153d8f63571b2d","fg0371","1","fg0371","fg0597","fg0732","fg0074","fg0669","fg0969","fg0139","fg0602","fg0944","fg0604","fg0943","fg0890","fg0124","fg0439","fg0123","fg0541","fg0610","fg0368","fg0169","fg0495"
"fq001750","vx_8181013898e9cb4b","fg0356","1","fg0356","fg0159","fg0426","fg0857","fg0822","fg0197","fg0515","fg0004","fg0943","fg0377","fg0942","fg0672","fg0331","fg0074","fg0236","fg0473","fg0344","fg0926","fg0670","fg0568"
"fq001128","vx_0f52acd0679150cc","fg0232","1","fg0232","fg0948","fg0368","fg0128","fg0358","fg0599","fg0801","fg0167","fg0726","fg0359","fg0944","fg0515","fg0333","fg0074","fg0439","fg0669","fg0432","fg0943","fg0732","fg0590"
"fq001129","vx_0f52acd0679150cc","fg0232","1","fg0232","fg0801","fg0948","fg0599","fg0439","fg0358","fg0271","fg0590","fg0368","fg0822","fg0515","fg0128","fg0585","fg0344","fg0377","fg0944","fg0024","fg0857","fg0669","fg0371"
"fq001130","vx_0f52acd0679150cc","fg0232","1","fg0232","fg0948","fg0801","fg0599","fg0368","fg0432","fg0352","fg0359","fg0726","fg0944","fg0942","fg0358","fg0515","fg0590","fg0495","fg0439","fg0128","fg0732","fg0669","fg0271"
"fq001131","vx_0f52acd0679150cc","fg0232","1","fg0232","fg0948","fg0801","fg0128","fg0368","fg0599","fg0358","fg0515","fg0726","fg0344","fg0942","fg0590","fg0944","fg0167","fg0454","fg0669","fg0432","fg0359","fg0585","fg0446"
"fq001132","vx_0f52acd0679150cc","fg0232","1","fg0232","fg0948","fg0358","fg0599","fg0669","fg0515","fg0801","fg0331","fg0368","fg0590","fg0944","fg0333","fg0942","fg0167","fg0439","fg0407","fg0359","fg0943","fg0024","fg0726"
"fq001133","vx_0f52acd0679150cc","fg0232","1","fg0232","fg0801","fg0599","fg0368","fg0439","fg0948","fg0822","fg0377","fg0128","fg0944","fg0515","fg0358","fg0857","fg0432","fg0356","fg0371","fg0271","fg0024","fg0074","fg0344"
"fq001134","vx_0f52acd0679150cc","fg0232","1","fg0232","fg0368","fg0432","fg0377","fg0074","fg0857","fg0356","fg0024","fg0942","fg0333","fg0917","fg0352","fg0944","fg0599","fg0943","fg0359","fg0167","fg0948","fg0439","fg0732"
"fq001135","vx_0f52acd0679150cc","fg0232","1","fg0232","fg0948","fg0368","fg0599","fg0801","fg0439","fg0128","fg0358","fg0944","fg0857","fg0515","fg0432","fg0590","fg0356","fg0726","fg0024","fg0344","fg0377","fg0371","fg0822"
"fq001136","vx_0f52acd0679150cc","fg0232","1","fg0232","fg0368","fg0948","fg0599","fg0801","fg0515","fg0944","fg0356","fg0358","fg0352","fg0439","fg0857","fg0271","fg0672","fg0942","fg0926","fg0167","fg0074","fg0432","fg0669"
"fq001137","vx_0f52acd0679150cc","fg0232","1","fg0232","fg0942","fg0368","fg0128","fg0948","fg0352","fg0917","fg0726","fg0590","fg0599","fg0732","fg0643","fg0112","fg0801","fg0515","fg0167","fg0944","fg0004","fg0857","fg0377"
"fq001138","vx_0f52acd0679150cc","fg0232","1","fg0232","fg0948","fg0368","fg0358","fg0599","fg0801","fg0128","fg0515","fg0944","fg0359","fg0590","fg0669","fg0439","fg0942","fg0333","fg0432","fg0352","fg0732","fg0167","fg0074"
"fq001139","vx_0f52acd0679150cc","fg0232","1","fg0232","fg0128","fg0368","fg0942","fg0917","fg0317","fg0112","fg0056","fg0732","fg0164","fg0726","fg0377","fg0857","fg0832","fg0801","fg0432","fg0948","fg0271","fg0331","fg0823"
"fq001140","vx_0f52acd0679150cc","fg0232","1","fg0232","fg0377","fg0857","fg0432","fg0942","fg0368","fg0024","fg0917","fg0352","fg0333","fg0344","fg0167","fg0371","fg0710","fg0832","fg0317","fg0726","fg0801","fg0672","fg0446"
"fq001141","vx_0f52acd0679150cc","fg0232","1","fg0232","fg0948","fg0801","fg0358","fg0599","fg0368","fg0515","fg0024","fg0590","fg0128","fg0439","fg0356","fg0669","fg0944","fg0359","fg0333","fg0074","fg0585","fg0822","fg0495"
"fq001142","vx_0f52acd0679150cc","fg0232","1","fg0232","fg0942","fg0368","fg0801","fg0948","fg0128","fg0159","fg0857","fg0944","fg0726","fg0515","fg0599","fg0432","fg0358","fg0371","fg0074","fg0352","fg0167","fg0377","fg0495"
"fq001143","vx_0f52acd0679150cc","fg0232","1","fg0232","fg0128","fg0948","fg0368","fg0726","fg0599","fg0590","fg0358","fg0942","fg0352","fg0732","fg0801","fg0432","fg0359","fg0439","fg0331","fg0944","fg0515","fg0333","fg0377"
"fq001144","vx_0f52acd0679150cc","fg0232","1","fg0232","fg0368","fg0948","fg0128","fg0599","fg0801","fg0726","fg0358","fg0590","fg0944","fg0356","fg0352","fg0439","fg0271","fg0942","fg0857","fg0371","fg0732","fg0432","fg0344"
"fq001145","vx_0f52acd0679150cc","fg0232","1","fg0232","fg0948","fg0368","fg0801","fg0599","fg0358","fg0128","fg0944","fg0515","fg0590","fg0669","fg0439","fg0857","fg0167","fg0074","fg0942","fg0726","fg0432","fg0359","fg0371"
"fq001146","vx_0f52acd0679150cc","fg0232","1","fg0232","fg0948","fg0801","fg0599","fg0368","fg0942","fg0439","fg0358","fg0371","fg0515","fg0344","fg0944","fg0167","fg0446","fg0669","fg0857","fg0377","fg0333","fg0876","fg0590"
"fq001147","vx_0f52acd0679150cc","fg0232","1","fg0232","fg0917","fg0857","fg0368","fg0942","fg0818","fg0515","fg0317","fg0711","fg0948","fg0377","fg0832","fg0331","fg0352","fg0969","fg0439","fg0801","fg0358","fg0706","fg0672"
"fq001148","vx_0f52acd0679150cc","fg0232","1","fg0232","fg0948","fg0590","fg0599","fg0368","fg0801","fg0439","fg0333","fg0352","fg0876","fg0944","fg0358","fg0128","fg0356","fg0732","fg0942","fg0359","fg0331","fg0515","fg0377"
"fq001149","vx_0f52acd0679150cc","fg0232","1","fg0232","fg0948","fg0368","fg0942","fg0358","fg0352","fg0732","fg0599","fg0074","fg0520","fg0801","fg0439","fg0359","fg0432","fg0257","fg0333","fg0669","fg0356","fg0944","fg0344"
"fq001150","vx_0f52acd0679150cc","fg0232","1","fg0232","fg0948","fg0368","fg0599","fg0515","fg0358","fg0801","fg0942","fg0439","fg0167","fg0857","fg0317","fg0818","fg0074","fg0944","fg0371","fg0454","fg0669","fg0407","fg0672"
"fq001151","vx_0f52acd0679150cc","fg0232","1","fg0232","fg0948","fg0358","fg0801","fg0599","fg0368","fg0515","fg0669","fg0944","fg0439","fg0590","fg0074","fg0024","fg0167","fg0597","fg0726","fg0371","fg0818","fg0942","fg0359"
"fq001152","vx_0f52acd0679150cc","fg0232","1","fg0232","fg0948","fg0352","fg0368","fg0599","fg0942","fg0358","fg0590","fg0333","fg0359","fg0167","fg0515","fg0331","fg0074","fg0128","fg0439","fg0732","fg0726","fg0801","fg0432"
"fq001153","vx_0f52acd0679150cc","fg0232","1","fg0232","fg0948","fg0368","fg0352","fg0942","fg0599","fg0590","fg0128","fg0917","fg0726","fg0732","fg0358","fg0271","fg0356","fg0944","fg0801","fg0823","fg0359","fg0515","fg0333"
"fq001154","vx_0f52acd0679150cc","fg0232","1","fg0232","fg0948","fg0368","fg0599","fg0358","fg0515","fg0942","fg0944","fg0167","fg0352","fg0726","fg0439","fg0669","fg0331","fg0359","fg0732","fg0432","fg0128","fg0333","fg0943"
"fq001155","vx_0f52acd0679150cc","fg0232","1","fg0232","fg0948","fg0368","fg0599","fg0358","fg0128","fg0515","fg0801","fg0944","fg0074","fg0726","fg0942","fg0590","fg0359","fg0926","fg0167","fg0732","fg0159","fg0352","fg0823"
"fq001156","vx_0f52acd0679150cc","fg0232","1","fg0232","fg0948","fg0358","fg0801","fg0599","fg0128","fg0368","fg0669","fg0439","fg0590","fg0944","fg0515","fg0024","fg0822","fg0585","fg0359","fg0271","fg0333","fg0344","fg0454"
"fq001157","vx_0f52acd0679150cc","fg0232","1","fg0232","fg0948","fg0368","fg0801","fg0599","fg0358","fg0515","fg0439","fg0024","fg0669","fg0944","fg0590","fg0074","fg0128","fg0942","fg0597","fg0432","fg0167","fg0371","fg0495"
"fq001158","vx_0f52acd0679150cc","fg0232","1","fg0232","fg0948","fg0368","fg0358","fg0128","fg0599","fg0515","fg0801","fg0359","fg0590","fg0669","fg0726","fg0944","fg0074","fg0732","fg0352","fg0942","fg0257","fg0439","fg0167"
"fq001159","vx_0f52acd0679150cc","fg0232","1","fg0232","fg0948","fg0368","fg0128","fg0599","fg0358","fg0801","fg0726","fg0944","fg0590","fg0942","fg0167","fg0515","fg0074","fg0432","fg0359","fg0943","fg0818","fg0732","fg0585"
"fq001160","vx_0f52acd0679150cc","fg0232","1","fg0232","fg0801","fg0358","fg0948","fg0368","fg0599","fg0439","fg0128","fg0942","fg0822","fg0857","fg0669","fg0356","fg0823","fg0159","fg0271","fg0352","fg0371","fg0359","fg0944"
"fq001161","vx_0f52acd0679150cc","fg0232","1","fg0232","fg0948","fg0368","fg0128","fg0599","fg0801","fg0358","fg0439","fg0352","fg0377","fg0590","fg0271","fg0944","fg0822","fg0942","fg0585","fg0333","fg0732","fg0726","fg0823"
"fq001162","vx_0f52acd0679150cc","fg0232","1","fg0232","fg0948","fg0368","fg0801","fg0599","fg0358","fg0515","fg0356","fg0944","fg0857","fg0439","fg0128","fg0167","fg0352","fg0074","fg0669","fg0432","fg0359","fg0590","fg0024"
"fq001163","vx_0f52acd0679150cc","fg0232","1","fg0232","fg0948","fg0801","fg0368","fg0358","fg0599","fg0439","fg0128","fg0944","fg0515","fg0857","fg0432","fg0732","fg0726","fg0271","fg0942","fg0344","fg0371","fg0669","fg0257"
"fq002721","vx_53028abf5558a881","fg0670","72","fg0585","fg0232","fg0590","fg0839","fg0541","fg0112","fg0943","fg0801","fg0407","fg0271","fg0822","fg0333","fg0331","fg0584","fg0115","fg0446","fg0188","fg0432","fg0454","fg0377"
"fq000025","vx_5ec210ab740422d8","fg0011","1","fg0011","fg0110","fg0568","fg0200","fg0669","fg0188","fg0272","fg0333","fg0426","fg0359","fg0868","fg0358","fg0331","fg0711","fg0115","fg0726","fg0602","fg0128","fg0604","fg0075"
"fq001607","vx_35df9f026f5d5cc2","fg0331","1","fg0331","fg0159","fg0541","fg0565","fg0188","fg0123","fg0139","fg0653","fg0057","fg0377","fg0568","fg0356","fg0599","fg0907","fg0167","fg0710","fg0672","fg0400","fg0371","fg0271"
"fq002894","vx_db6fd0843b40d6f9","fg0726","1","fg0726","fg0563","fg0110","fg0358","fg0232","fg0822","fg0669","fg0011","fg0197","fg0943","fg0368","fg0080","fg0400","fg0426","fg0236","fg0159","fg0876","fg0074","fg0590","fg0682"
"fq000008","vx_500a69b74f502c18","fg0004","1","fg0004","fg0944","fg0669","fg0089","fg0407","fg0890","fg0584","fg0726","fg0454","fg0868","fg0426","fg0377","fg0993","fg0439","fg0159","fg0565","fg0473","fg0711","fg0356","fg0133"
"fq001819","vx_374951c7b6e7facc","fg0377","1","fg0377","fg0352","fg0432","fg0075","fg0074","fg0317","fg0710","fg0832","fg0167","fg0604","fg0110","fg0706","fg0446","fg0133","fg0581","fg0890","fg0568","fg0993","fg0271","fg0653"
"fq001820","vx_374951c7b6e7facc","fg0377","1","fg0377","fg0352","fg0432","fg0075","fg0074","fg0317","fg0710","fg0167","fg0832","fg0446","fg0110","fg0706","fg0890","fg0604","fg0653","fg0581","fg0368","fg0271","fg0400","fg0565"
"fq001821","vx_374951c7b6e7facc","fg0377","1","fg0377","fg0541","fg0868","fg0432","fg0317","fg0075","fg0123","fg0074","fg0352","fg0057","fg0446","fg0271","fg0520","fg0368","fg0832","fg0568","fg0706","fg0188","fg0333","fg0711"
"fq001822","vx_374951c7b6e7facc","fg0377","1","fg0377","fg0352","fg0432","fg0075","fg0074","fg0317","fg0581","fg0446","fg0133","fg0604","fg0706","fg0167","fg0368","fg0653","fg0868","fg0110","fg0089","fg0643","fg0271","fg0710"
"fq001823","vx_374951c7b6e7facc","fg0377","1","fg0377","fg0352","fg0432","fg0075","fg0832","fg0110","fg0710","fg0604","fg0317","fg0074","fg0446","fg0706","fg0167","fg0133","fg0993","fg0890","fg0568","fg0257","fg0541","fg0818"
"fq001824","vx_374951c7b6e7facc","fg0377","1","fg0377","fg0432","fg0352","fg0075","fg0317","fg0074","fg0868","fg0541","fg0446","fg0368","fg0706","fg0271","fg0832","fg0123","fg0604","fg0089","fg0133","fg0520","fg0581","fg0710"
"fq004024","vx_6dc39228edc79823","fg0926","1","fg0926","fg0944","fg0432","fg0706","fg0331","fg0653","fg0112","fg0857","fg0271","fg0473","fg0368","fg0439","fg0400","fg0426","fg0818","fg0356","fg0317","fg0512","fg0004","fg0672"
"fq004066","vx_ea5f19520272424b","fg0943","1","fg0943","fg0726","fg0917","fg0112","fg0333","fg0236","fg0232","fg0653","fg0071","fg0356","fg0585","fg0969","fg0710","fg0706","fg0857","fg0432","fg0732","fg0331","fg0670","fg0672"
"fq003330","vx_0f016d0a95d6800d","fg0839","1","fg0839","fg0585","fg0943","fg0890","fg0123","fg0139","fg0643","fg0128","fg0565","fg0672","fg0706","fg0512","fg0568","fg0669","fg0563","fg0823","fg0333","fg0993","fg0515","fg0801"
"fq003331","vx_0f016d0a95d6800d","fg0839","96","fg0541","fg0868","fg0426","fg0907","fg0832","fg0377","fg0271","fg0123","fg0057","fg0822","fg0672","fg0801","fg0112","fg0188","fg0439","fg0711","fg0943","fg0568","fg0565","fg0670"
"fq000253","vx_efdf3fa59bf5f4ec","fg0056","1","fg0056","fg0123","fg0080","fg0197","fg0520","fg0942","fg0801","fg0876","fg0943","fg0969","fg0643","fg0823","fg0541","fg0124","fg0071","fg0473","fg0359","fg0669","fg0159","fg0568"
"fq001774","vx_b37a7ffab3ad1074","fg0368","1","fg0368","fg0669","fg0359","fg0232","fg0565","fg0074","fg0653","fg0377","fg0071","fg0136","fg0726","fg0585","fg0371","fg0432","fg0024","fg0710","fg0115","fg0672","fg0133","fg0944"
"fq001775","vx_b37a7ffab3ad1074","fg0368","1","fg0368","fg0232","fg0359","fg0669","fg0071","fg0857","fg0432","fg0653","fg0136","fg0074","fg0011","fg0944","fg0726","fg0585","fg0377","fg0710","fg0565","fg0711","fg0917","fg0124"
"fq001776","vx_b37a7ffab3ad1074","fg0368","1","fg0368","fg0232","fg0669","fg0726","fg0359","fg0585","fg0944","fg0857","fg0074","fg0136","fg0926","fg0565","fg0133","fg0377","fg0454","fg0071","fg0371","fg0512","fg0653","fg0432"
"fq001777","vx_b37a7ffab3ad1074","fg0368","1","fg0368","fg0232","fg0359","fg0907","fg0653","fg0669","fg0444","fg0136","fg0604","fg0133","fg0432","fg0711","fg0071","fg0454","fg0512","fg0371","fg0565","fg0257","fg0944","fg0115"
"fq001778","vx_b37a7ffab3ad1074","fg0368","1","fg0368","fg0232","fg0669","fg0359","fg0726","fg0074","fg0565","fg0136","fg0857","fg0377","fg0585","fg0711","fg0944","fg0672","fg0133","fg0071","fg0512","fg0653","fg0011","fg0124"
"fq001779","vx_b37a7ffab3ad1074","fg0368","1","fg0368","fg0359","fg0669","fg0604","fg0232","fg0653","fg0565","fg0133","fg0074","fg0136","fg0726","fg0672","fg0944","fg0432","fg0071","fg0011","fg0115","fg0926","fg0377","fg0710"
"fq001780","vx_b37a7ffab3ad1074","fg0368","1","fg0368","fg0359","fg0232","fg0669","fg0074","fg0604","fg0926","fg0071","fg0672","fg0565","fg0115","fg0133","fg0726","fg0653","fg0432","fg0710","fg0890","fg0711","fg0011","fg0944"
"fq001781","vx_b37a7ffab3ad1074","fg0368","1","fg0368","fg0377","fg0669","fg0232","fg0604","fg0432","fg0565","fg0857","fg0359","fg0071","fg0074","fg0653","fg0136","fg0371","fg0133","fg0454","fg0011","fg0124","fg0726","fg0075"
"fq001782","vx_b37a7ffab3ad1074","fg0368","1","fg0368","fg0541","fg0159","fg0071","fg0359","fg0917","fg0565","fg0232","fg0653","fg0944","fg0371","fg0432","fg0197","fg0115","fg0075","fg0136","fg0711","fg0857","fg0512","fg0670"
"fq001783","vx_b37a7ffab3ad1074","fg0368","1","fg0368","fg0359","fg0604","fg0711","fg0432","fg0232","fg0133","fg0377","fg0653","fg0672","fg0115","fg0071","fg0890","fg0669","fg0565","fg0074","fg0136","fg0089","fg0610","fg0371"
"fq001261","vx_92db7dd54f59d2f5","fg0271","1","fg0271","fg0541","fg0057","fg0159","fg0377","fg0907","fg0317","fg0371","fg0568","fg0331","fg0112","fg0706","fg0164","fg0004","fg0672","fg0565","fg0711","fg0123","fg0075","fg0563"
"fq001262","vx_92db7dd54f59d2f5","fg0271","1","fg0271","fg0541","fg0377","fg0907","fg0317","fg0568","fg0706","fg0089","fg0672","fg0711","fg0917","fg0352","fg0822","fg0943","fg0331","fg0057","fg0563","fg0333","fg0868","fg0495"
"fq001263","vx_92db7dd54f59d2f5","fg0271","1","fg0271","fg0541","fg0124","fg0917","fg0377","fg0317","fg0089","fg0907","fg0672","fg0706","fg0568","fg0563","fg0128","fg0352","fg0599","fg0943","fg0822","fg0993","fg0711","fg0581"
"fq001264","vx_92db7dd54f59d2f5","fg0271","1","fg0271","fg0124","fg0541","fg0907","fg0917","fg0371","fg0943","fg0377","fg0057","fg0071","fg0711","fg0839","fg0089","fg0136","fg0112","fg0672","fg0123","fg0604","fg0890","fg0568"
"fq001265","vx_92db7dd54f59d2f5","fg0271","4","fg0541","fg0159","fg0868","fg0271","fg0942","fg0112","fg0331","fg0123","fg0568","fg0057","fg0907","fg0672","fg0711","fg0333","fg0075","fg0565","fg0377","fg0188","fg0133","fg0371"
"fq001266","vx_92db7dd54f59d2f5","fg0271","1","fg0271","fg0541","fg0317","fg0907","fg0917","fg0352","fg0377","fg0089","fg0011","fg0563","fg0943","fg0672","fg0602","fg0371","fg0056","fg0682","fg0333","fg0495","fg0057","fg0926"
"fq001267","vx_92db7dd54f59d2f5","fg0271","1","fg0271","fg0541","fg0057","fg0377","fg0331","fg0568","fg0159","fg0907","fg0917","fg0004","fg0317","fg0089","fg0672","fg0584","fg0711","fg0943","fg0075","fg0942","fg0112","fg0352"
"fq001268","vx_92db7dd54f59d2f5","fg0271","15","fg0541","fg0331","fg0057","fg0159","fg0868","fg0377","fg0123","fg0942","fg0568","fg0371","fg0075","fg0711","fg0112","fg0565","fg0271","fg0907","fg0672","fg0188","fg0940","fg0317"
"fq003191","vx_a5e5168aab86fda3","fg0801","1","fg0801","fg0232","fg0602","fg0133","fg0344","fg0057","fg0682","fg0822","fg0188","fg0942","fg0197","fg0969","fg0581","fg0839","fg0981","fg0890","fg0112","fg0541","fg0868","fg0446"
"fq000644","vx_0953c9af79091679","fg0139","1","fg0139","fg0584","fg0075","fg0917","fg0159","fg0604","fg0942","fg0822","fg0057","fg0839","fg0439","fg0371","fg0359","fg0832","fg0331","fg0473","fg0200","fg0167","fg0590","fg0446"
"fq000645","vx_0953c9af79091679","fg0139","1","fg0139","fg0584","fg0075","fg0159","fg0917","fg0942","fg0057","fg0822","fg0371","fg0200","fg0839","fg0331","fg0439","fg0473","fg0359","fg0604","fg0832","fg0940","fg0706","fg0257"
"fq000540","vx_35f8bb1b834bc06f","fg0112","1","fg0112","fg0942","fg0164","fg0056","fg0943","fg0080","fg0200","fg0917","fg0801","fg0331","fg0541","fg0711","fg0272","fg0602","fg0075","fg0832","fg0682","fg0590","fg0333","fg0426"
"fq002544","vx_79d57a02a9fe67a4","fg0602","1","fg0602","fg0188","fg0352","fg0801","fg0371","fg0136","fg0112","fg0832","fg0011","fg0133","fg0969","fg0089","fg0331","fg0358","fg0907","fg0124","fg0271","fg0400","fg0333","fg0164"
"fq002545","vx_79d57a02a9fe67a4","fg0602","1","fg0602","fg0188","fg0371","fg0352","fg0136","fg0801","fg0832","fg0112","fg0124","fg0011","fg0133","fg0089","fg0969","fg0271","fg0331","fg0944","fg0495","fg0907","fg0993","fg0400"
"fq002520","vx_a76b36a8a7c4e5d9","fg0585","1","fg0585","fg0590","fg0080","fg0969","fg0917","fg0822","fg0515","fg0818","fg0670","fg0943","fg0232","fg0568","fg0839","fg0024","fg0706","fg0520","fg0257","fg0541","fg0136","fg0115"
"fq002521","vx_a76b36a8a7c4e5d9","fg0585","1","fg0585","fg0590","fg0969","fg0541","fg0080","fg0917","fg0670","fg0706","fg0515","fg0112","fg0822","fg0943","fg0565","fg0907","fg0257","fg0075","fg0818","fg0232","fg0823","fg0520"
"fq000953","vx_f0df86141e5b253b","fg0200","1","fg0200","fg0444","fg0358","fg0115","fg0331","fg0568","fg0670","fg0541","fg0123","fg0317","fg0272","fg0868","fg0112","fg0943","fg0907","fg0432","fg0446","fg0602","fg0706","fg0136"
"fq001683","vx_c6d5a3331642761b","fg0352","1","fg0352","fg0377","fg0159","fg0942","fg0331","fg0236","fg0832","fg0271","fg0541","fg0602","fg0080","fg0136","fg0822","fg0426","fg0133","fg0115","fg0232","fg0512","fg0089","fg0188"
"fq001684","vx_c6d5a3331642761b","fg0352","1","fg0352","fg0159","fg0942","fg0377","fg0236","fg0331","fg0857","fg0271","fg0602","fg0822","fg0541","fg0074","fg0359","fg0133","fg0136","fg0089","fg0832","fg0439","fg0232","fg0604"
"fq001685","vx_c6d5a3331642761b","fg0352","1","fg0352","fg0159","fg0942","fg0377","fg0857","fg0541","fg0236","fg0832","fg0331","fg0080","fg0706","fg0188","fg0139","fg0133","fg0271","fg0917","fg0232","fg0136","fg0426","fg0432"
"fq003872","vx_202e2022ec125f87","fg0890","1","fg0890","fg0136","fg0568","fg0024","fg0200","fg0823","fg0907","fg0444","fg0670","fg0271","fg0822","fg0818","fg0377","fg0080","fg0839","fg0439","fg0331","fg0917","fg0672","fg0057"
"fq002846","vx_db5badd35d4ed33b","fg0710","1","fg0710","fg0128","fg0568","fg0495","fg0377","fg0944","fg0818","fg0110","fg0136","fg0089","fg0356","fg0368","fg0317","fg0257","fg0075","fg0669","fg0943","fg0164","fg0711","fg0706"
"fq003312","vx_483699392835807f","fg0832","1","fg0832","fg0057","fg0377","fg0711","fg0682","fg0981","fg0599","fg0520","fg0541","fg0112","fg0670","fg0948","fg0943","fg0123","fg0944","fg0672","fg0993","fg0602","fg0669","fg0257"
"fq003313","vx_483699392835807f","fg0832","1","fg0832","fg0057","fg0377","fg0981","fg0711","fg0682","fg0541","fg0112","fg0520","fg0948","fg0123","fg0089","fg0943","fg0670","fg0139","fg0257","fg0599","fg0331","fg0672","fg0124"
"fq004227","vx_f2c64d991295d456","fg0981","1","fg0981","fg0512","fg0024","fg0832","fg0610","fg0080","fg0074","fg0541","fg0089","fg0344","fg0124","fg0585","fg0377","fg0257","fg0942","fg0943","fg0568","fg0710","fg0071","fg0839"
"fq002548","vx_db39700dcd143742","fg0604","1","fg0604","fg0164","fg0584","fg0359","fg0377","fg0439","fg0139","fg0568","fg0818","fg0444","fg0541","fg0432","fg0907","fg0124","fg0368","fg0371","fg0732","fg0011","fg0610","fg0133"
"fq004064","vx_97e5f6880b86b6a7","fg0942","1","fg0942","fg0159","fg0541","fg0857","fg0112","fg0331","fg0868","fg0074","fg0568","fg0917","fg0565","fg0377","fg0371","fg0271","fg0426","fg0599","fg0944","fg0832","fg0670","fg0432"
"fq004065","vx_97e5f6880b86b6a7","fg0942","1","fg0942","fg0670","fg0581","fg0917","fg0056","fg0112","fg0197","fg0669","fg0371","fg0333","fg0541","fg0568","fg0004","fg0164","fg0818","fg0317","fg0368","fg0907","fg0944","fg0200"
"fq002309","vx_4c281b83e2abe7ed","fg0512","1","fg0512","fg0993","fg0981","fg0331","fg0159","fg0400","fg0089","fg0167","fg0839","fg0944","fg0257","fg0115","fg0868","fg0124","fg0857","fg0822","fg0495","fg0732","fg0368","fg0407"
"fq002416","vx_ed1d1ac6deb35551","fg0541","1","fg0541","fg0123","fg0056","fg0823","fg0197","fg0089","fg0057","fg0331","fg0801","fg0682","fg0832","fg0711","fg0672","fg0907","fg0257","fg0371","fg0128","fg0200","fg0011","fg0670"
"fq001542","vx_e25517315bc55481","fg0317","1","fg0317","fg0907","fg0271","fg0581","fg0568","fg0407","fg0515","fg0164","fg0200","fg0056","fg0890","fg0473","fg0706","fg0710","fg0876","fg0426","fg0123","fg0188","fg0917","fg0115"
"fq001543","vx_e25517315bc55481","fg0317","1","fg0317","fg0581","fg0515","fg0271","fg0876","fg0377","fg0407","fg0056","fg0568","fg0333","fg0400","fg0164","fg0706","fg0188","fg0726","fg0643","fg0075","fg0473","fg0801","fg0597"
"fq001544","vx_e25517315bc55481","fg0317","1","fg0317","fg0907","fg0801","fg0568","fg0271","fg0333","fg0188","fg0056","fg0706","fg0515","fg0581","fg0075","fg0377","fg0371","fg0832","fg0917","fg0444","fg0164","fg0400","fg0541"
"fq001545","vx_e25517315bc55481","fg0317","1","fg0317","fg0907","fg0271","fg0581","fg0568","fg0706","fg0515","fg0407","fg0200","fg0473","fg0188","fg0164","fg0917","fg0400","fg0075","fg0056","fg0876","fg0444","fg0115","fg0333"
"fq001546","vx_e25517315bc55481","fg0317","1","fg0317","fg0581","fg0407","fg0271","fg0515","fg0706","fg0907","fg0164","fg0568","fg0473","fg0200","fg0056","fg0876","fg0188","fg0400","fg0075","fg0597","fg0358","fg0726","fg0890"
"fq001547","vx_e25517315bc55481","fg0317","1","fg0317","fg0271","fg0581","fg0515","fg0407","fg0400","fg0056","fg0164","fg0568","fg0473","fg0876","fg0706","fg0377","fg0200","fg0907","fg0597","fg0643","fg0236","fg0188","fg0942"
"fq001548","vx_e25517315bc55481","fg0317","1","fg0317","fg0581","fg0271","fg0515","fg0407","fg0907","fg0200","fg0706","fg0568","fg0164","fg0056","fg0473","fg0890","fg0188","fg0710","fg0917","fg0876","fg0400","fg0123","fg0075"
"fq001549","vx_e25517315bc55481","fg0317","1","fg0317","fg0271","fg0515","fg0581","fg0568","fg0407","fg0907","fg0400","fg0706","fg0473","fg0188","fg0200","fg0876","fg0075","fg0333","fg0056","fg0164","fg0710","fg0890","fg0115"
"fq001550","vx_e25517315bc55481","fg0317","1","fg0317","fg0271","fg0407","fg0581","fg0515","fg0876","fg0164","fg0706","fg0333","fg0473","fg0400","fg0188","fg0056","fg0568","fg0726","fg0075","fg0200","fg0236","fg0669","fg0597"
"fq001551","vx_e25517315bc55481","fg0317","1","fg0317","fg0907","fg0271","fg0581","fg0123","fg0568","fg0801","fg0188","fg0200","fg0710","fg0407","fg0112","fg0115","fg0164","fg0075","fg0056","fg0917","fg0832","fg0515","fg0706"
"fq001552","vx_e25517315bc55481","fg0317","1","fg0317","fg0581","fg0271","fg0407","fg0515","fg0473","fg0200","fg0568","fg0164","fg0056","fg0706","fg0907","fg0400","fg0669","fg0188","fg0075","fg0726","fg0358","fg0563","fg0890"
"fq001553","vx_e25517315bc55481","fg0317","1","fg0317","fg0344","fg0581","fg0271","fg0876","fg0400","fg0407","fg0726","fg0801","fg0377","fg0515","fg0568","fg0164","fg0056","fg0706","fg0188","fg0643","fg0333","fg0075","fg0004"
"fq001554","vx_e25517315bc55481","fg0317","1","fg0317","fg0581","fg0271","fg0407","fg0568","fg0200","fg0164","fg0515","fg0706","fg0056","fg0907","fg0473","fg0188","fg0358","fg0876","fg0075","fg0333","fg0400","fg0726","fg0942"
"fq001555","vx_e25517315bc55481","fg0317","1","fg0317","fg0581","fg0271","fg0407","fg0568","fg0515","fg0907","fg0801","fg0473","fg0056","fg0164","fg0942","fg0115","fg0333","fg0400","fg0188","fg0706","fg0004","fg0917","fg0710"
"fq001556","vx_e25517315bc55481","fg0317","1","fg0317","fg0581","fg0271","fg0515","fg0407","fg0907","fg0876","fg0473","fg0706","fg0400","fg0075","fg0164","fg0568","fg0333","fg0056","fg0377","fg0563","fg0188","fg0726","fg0597"
"fq001557","vx_e25517315bc55481","fg0317","1","fg0317","fg0271","fg0581","fg0004","fg0801","fg0515","fg0056","fg0643","fg0568","fg0188","fg0907","fg0876","fg0726","fg0473","fg0377","fg0407","fg0710","fg0164","fg0706","fg0075"
"fq001558","vx_e25517315bc55481","fg0317","1","fg0317","fg0271","fg0515","fg0581","fg0407","fg0164","fg0568","fg0706","fg0200","fg0876","fg0473","fg0056","fg0400","fg0075","fg0188","fg0907","fg0333","fg0377","fg0726","fg0563"
"fq003239","vx_24f30e2209aa3769","fg0818","1","fg0818","fg0710","fg0604","fg0110","fg0568","fg0356","fg0377","fg0139","fg0822","fg0439","fg0563","fg0653","fg0444","fg0993","fg0590","fg0726","fg0133","fg0907","fg0981","fg0670"
"fq003240","vx_24f30e2209aa3769","fg0818","1","fg0818","fg0670","fg0710","fg0604","fg0822","fg0110","fg0377","fg0444","fg0969","fg0653","fg0356","fg0563","fg0568","fg0112","fg0123","fg0317","fg0926","fg0128","fg0200","fg0876"
"fq003241","vx_24f30e2209aa3769","fg0818","1","fg0818","fg0710","fg0604","fg0568","fg0110","fg0670","fg0377","fg0356","fg0822","fg0444","fg0439","fg0563","fg0981","fg0907","fg0653","fg0926","fg0128","fg0969","fg0876","fg0133"
"fq000584","vx_4f57dff99bda50bb","fg0123","1","fg0123","fg0056","fg0541","fg0568","fg0200","fg0188","fg0823","fg0948","fg0074","fg0584","fg0993","fg0832","fg0272","fg0907","fg0672","fg0670","fg0454","fg0197","fg0515","fg0124"
"fq003727","vx_9ebc3232e03e6d1e","fg0868","2","fg0541","fg0868","fg0907","fg0832","fg0672","fg0123","fg0331","fg0426","fg0377","fg0371","fg0917","fg0317","fg0074","fg0568","fg0057","fg0706","fg0670","fg0271","fg0942","fg0089"
"fq003728","vx_9ebc3232e03e6d1e","fg0868","3","fg0541","fg0317","fg0868","fg0907","fg0371","fg0917","fg0074","fg0942","fg0515","fg0133","fg0672","fg0823","fg0056","fg0377","fg0333","fg0123","fg0940","fg0331","fg0710","fg0711"
"fq003729","vx_9ebc3232e03e6d1e","fg0868","2","fg0541","fg0868","fg0907","fg0317","fg0371","fg0074","fg0942","fg0917","fg0123","fg0672","fg0377","fg0832","fg0515","fg0331","fg0426","fg0706","fg0056","fg0670","fg0133","fg0568"
"fq002536","vx_78e989cd46241524","fg0597","1","fg0597","fg0371","fg0890","fg0520","fg0407","fg0495","fg0075","fg0426","fg0169","fg0669","fg0358","fg0232","fg0136","fg0969","fg0317","fg0236","fg0643","fg0200","fg0512","fg0112"
"fq002765","vx_93556e75f1bb4062","fg0682","1","fg0682","fg0823","fg0907","fg0071","fg0832","fg0599","fg0706","fg0257","fg0112","fg0400","fg0590","fg0331","fg0672","fg0541","fg0004","fg0801","fg0271","fg0669","fg0565","fg0726"
"fq002766","vx_93556e75f1bb4062","fg0682","1","fg0682","fg0823","fg0907","fg0832","fg0071","fg0112","fg0599","fg0400","fg0590","fg0331","fg0706","fg0948","fg0257","fg0541","fg0669","fg0726","fg0352","fg0358","fg0271","fg0075"
"fq002767","vx_93556e75f1bb4062","fg0682","1","fg0682","fg0907","fg0823","fg0071","fg0832","fg0590","fg0257","fg0599","fg0706","fg0520","fg0057","fg0089","fg0112","fg0726","fg0541","fg0400","fg0074","fg0948","fg0672","fg0075"
"fq002768","vx_93556e75f1bb4062","fg0682","1","fg0682","fg0823","fg0832","fg0071","fg0907","fg0599","fg0112","fg0590","fg0257","fg0706","fg0520","fg0004","fg0541","fg0074","fg0400","fg0726","fg0057","fg0801","fg0948","fg0669"
"fq002769","vx_93556e75f1bb4062","fg0682","1","fg0682","fg0823","fg0907","fg0071","fg0832","fg0599","fg0112","fg0257","fg0590","fg0520","fg0706","fg0400","fg0565","fg0801","fg0541","fg0669","fg0057","fg0726","fg0004","fg0128"
"fq002770","vx_93556e75f1bb4062","fg0682","1","fg0682","fg0823","fg0907","fg0071","fg0832","fg0599","fg0112","fg0257","fg0706","fg0590","fg0520","fg0541","fg0669","fg0074","fg0726","fg0128","fg0801","fg0495","fg0075","fg0948"
"fq002771","vx_93556e75f1bb4062","fg0682","1","fg0682","fg0907","fg0823","fg0071","fg0089","fg0257","fg0832","fg0599","fg0271","fg0520","fg0706","fg0590","fg0352","fg0726","fg0948","fg0112","fg0868","fg0801","fg0004","fg0672"
"fq001619","vx_15fafec4c4d78d74","fg0333","1","fg0333","fg0943","fg0917","fg0563","fg0123","fg0024","fg0541","fg0011","fg0057","fg0089","fg0432","fg0359","fg0653","fg0944","fg0907","fg0197","fg0232","fg0670","fg0271","fg0940"
"fq000597","vx_35e343a3fd25d697","fg0128","1","fg0128","fg0710","fg0868","fg0236","fg0164","fg0940","fg0110","fg0124","fg0232","fg0011","fg0944","fg0839","fg0541","fg0271","fg0344","fg0917","fg0822","fg0197","fg0188","fg0565"
"fq000402","vx_26e242d9ec2d1897","fg0080","1","fg0080","fg0585","fg0981","fg0112","fg0075","fg0890","fg0056","fg0432","fg0359","fg0926","fg0839","fg0512","fg0832","fg0115","fg0669","fg0565","fg0333","fg0732","fg0139","fg0868"
"fq000403","vx_26e242d9ec2d1897","fg0080","1","fg0080","fg0585","fg0981","fg0112","fg0056","fg0732","fg0890","fg0115","fg0432","fg0075","fg0832","fg0565","fg0669","fg0512","fg0926","fg0407","fg0473","fg0272","fg0726","fg0541"
"fq000404","vx_26e242d9ec2d1897","fg0080","1","fg0080","fg0585","fg0112","fg0981","fg0056","fg0115","fg0732","fg0075","fg0890","fg0272","fg0726","fg0565","fg0512","fg0926","fg0359","fg0599","fg0832","fg0669","fg0407","fg0139"
"fq000405","vx_26e242d9ec2d1897","fg0080","1","fg0080","fg0585","fg0056","fg0112","fg0981","fg0890","fg0115","fg0272","fg0732","fg0726","fg0075","fg0512","fg0359","fg0926","fg0832","fg0407","fg0159","fg0565","fg0823","fg0344"
"fq000406","vx_26e242d9ec2d1897","fg0080","1","fg0080","fg0585","fg0981","fg0112","fg0056","fg0272","fg0115","fg0890","fg0512","fg0075","fg0926","fg0832","fg0726","fg0732","fg0599","fg0565","fg0643","fg0359","fg0074","fg0432"
"fq000407","vx_26e242d9ec2d1897","fg0080","1","fg0080","fg0585","fg0112","fg0981","fg0056","fg0115","fg0890","fg0272","fg0732","fg0075","fg0726","fg0512","fg0565","fg0832","fg0926","fg0359","fg0599","fg0407","fg0159","fg0495"
"fq000408","vx_26e242d9ec2d1897","fg0080","1","fg0080","fg0585","fg0981","fg0056","fg0890","fg0115","fg0112","fg0512","fg0732","fg0926","fg0726","fg0643","fg0075","fg0352","fg0272","fg0344","fg0432","fg0359","fg0832","fg0599"
"fq000409","vx_26e242d9ec2d1897","fg0080","1","fg0080","fg0585","fg0112","fg0056","fg0981","fg0732","fg0272","fg0541","fg0115","fg0890","fg0565","fg0407","fg0726","fg0706","fg0075","fg0832","fg0159","fg0599","fg0512","fg0359"
"fq000410","vx_26e242d9ec2d1897","fg0080","1","fg0080","fg0585","fg0981","fg0112","fg0056","fg0890","fg0075","fg0359","fg0115","fg0732","fg0512","fg0669","fg0159","fg0565","fg0333","fg0272","fg0926","fg0407","fg0139","fg0832"
"fq000411","vx_26e242d9ec2d1897","fg0080","1","fg0080","fg0585","fg0112","fg0981","fg0056","fg0890","fg0115","fg0732","fg0726","fg0075","fg0407","fg0272","fg0520","fg0832","fg0541","fg0512","fg0706","fg0432","fg0159","fg0473"
"fq001172","vx_15c52144b0951e42","fg0236","79","fg0568","fg0541","fg0377","fg0868","fg0075","fg0917","fg0672","fg0112","fg0331","fg0710","fg0057","fg0446","fg0271","fg0004","fg0944","fg0317","fg0604","fg0520","fg0333","fg0832"
"fq001173","vx_15c52144b0951e42","fg0236","92","fg0541","fg0868","fg0568","fg0377","fg0917","fg0075","fg0112","fg0004","fg0672","fg0710","fg0942","fg0520","fg0271","fg0057","fg0317","fg0331","fg0188","fg0123","fg0993","fg0943"
"fq000585","vx_3f3730b2fa76e0d3","fg0124","4","fg0123","fg0541","fg0868","fg0124","fg0568","fg0711","fg0832","fg0377","fg0670","fg0563","fg0706","fg0907","fg0112","fg0057","fg0271","fg0942","fg0581","fg0188","fg0672","fg0822"
"fq000586","vx_3f3730b2fa76e0d3","fg0124","32","fg0541","fg0123","fg0868","fg0907","fg0426","fg0057","fg0711","fg0832","fg0568","fg0670","fg0333","fg0112","fg0377","fg0706","fg0188","fg0197","fg0439","fg0822","fg0672","fg0331"
"fq000587","vx_3f3730b2fa76e0d3","fg0124","17","fg0439","fg0822","fg0876","fg0541","fg0123","fg0610","fg0670","fg0711","fg0942","fg0832","fg0004","fg0568","fg0426","fg0112","fg0432","fg0344","fg0124","fg0444","fg0706","fg0200"
"fq002001","vx_fd19c33b50f6434b","fg0432","1","fg0432","fg0541","fg0400","fg0926","fg0377","fg0057","fg0331","fg0672","fg0112","fg0711","fg0004","fg0868","fg0832","fg0368","fg0271","fg0857","fg0907","fg0520","fg0344","fg0317"
"fq000743","vx_71e08530987e07c2","fg0164","1","fg0164","fg0643","fg0112","fg0604","fg0333","fg0317","fg0599","fg0167","fg0446","fg0670","fg0944","fg0169","fg0942","fg0188","fg0272","fg0426","fg0071","fg0454","fg0653","fg0597"
"fq000744","vx_71e08530987e07c2","fg0164","1","fg0164","fg0643","fg0112","fg0604","fg0169","fg0670","fg0128","fg0333","fg0969","fg0167","fg0454","fg0272","fg0317","fg0653","fg0940","fg0823","fg0944","fg0599","fg0942","fg0602"
"fq000745","vx_71e08530987e07c2","fg0164","1","fg0164","fg0112","fg0643","fg0604","fg0317","fg0169","fg0942","fg0599","fg0371","fg0454","fg0167","fg0944","fg0159","fg0115","fg0333","fg0272","fg0969","fg0128","fg0074","fg0071"
"fq001989","vx_6adea789b053ab44","fg0426","1","fg0426","fg0541","fg0868","fg0344","fg0377","fg0123","fg0832","fg0801","fg0057","fg0943","fg0711","fg0112","fg0568","fg0271","fg0004","fg0672","fg0371","fg0236","fg0706","fg0653"
