"id","class_id","vintage_id","role","image_id","image_sha256","archive_member","scene_status","human_identity_approved"
"fg0590","vx_97c73c9265c0bd7b","156648806","gallery","p/H4cg-HhyRGymwbn5ij2vUg.jpg","4bd59c47a3a782139cbab969be239604c5c37326dfd91a8a81ae083570945bf9","all/H4cg-HhyRGymwbn5ij2vUg.jpg","not_confirmed_cross_scene","false"
"fq002527","vx_97c73c9265c0bd7b","156648806","query","p/0E1HgHPyQGusWubP2sze0g.jpg","f7a7cb9269e3fe753f2a578baa532c84b57c5fcb47fbd34a1062bd5e7d6ec200","all/0E1HgHPyQGusWubP2sze0g.jpg","not_confirmed_cross_scene","false"
"fq002528","vx_97c73c9265c0bd7b","156648806","query","p/N28eP25cTf6_cPpiv-SG1w.jpg","a28a9a1eac48ae4c4d48142a05eea7418eb7795cab62b78b9be52afc8e0fc5dc","all/N28eP25cTf6_cPpiv-SG1w.jpg","not_confirmed_cross_scene","false"
"fg0197","vx_315fba10c6127837","87046669","gallery","p/KKGPkGHDTKyyLhrDpgk_Dg.jpg","d06e1cfecbadafbcf135dce4e51a29be1added99e8ed132b1ded116d1c23e951","all/KKGPkGHDTKyyLhrDpgk_Dg.jpg","not_confirmed_cross_scene","false"
"fq000912","vx_315fba10c6127837","87046669","query","p/1YJbMml6T1CFOJ3FcBQiTw.jpg","94c2a6853335312fa736718d32a0eea1bf9541723459a6889c401c2706acb93d","all/1YJbMml6T1CFOJ3FcBQiTw.jpg","not_confirmed_cross_scene","false"
"fq000913","vx_315fba10c6127837","87046669","query","p/3HLe9N8IRqCokvFiD421SA.jpg","5348a4fabc65cf875b73a2d3943f4923eef17be51d6c9484bed6bf9e06291a28","all/3HLe9N8IRqCokvFiD421SA.jpg","not_confirmed_cross_scene","false"
"fq000914","vx_315fba10c6127837","87046669","query","p/5RFqc2mCQAGFgd1aM8fDww.jpg","3984e4374c98e333e046683b818b95b1c6bef7398cdde9d59ab9e79e8f45bf1e","all/5RFqc2mCQAGFgd1aM8fDww.jpg","not_confirmed_cross_scene","false"
"fq000915","vx_315fba10c6127837","87046669","query","p/6hwGrFf5QGOyhsVeHcZGWA.jpg","69b328e45172753a27ea69e4bd91ac8133f474df9dbebe25380bdfda60c23514","all/6hwGrFf5QGOyhsVeHcZGWA.jpg","not_confirmed_cross_scene","false"
"fq000916","vx_315fba10c6127837","87046669","query","p/Ggy2IxL0R9GiNXZelJwp0Q.jpg","1cea1767a5943b1237f97ca374c86ef86bc11e0380591e9d1cc9731428884c64","all/Ggy2IxL0R9GiNXZelJwp0Q.jpg","not_confirmed_cross_scene","false"
"fq000917","vx_315fba10c6127837","87046669","query","p/UZfgT84VSiyfVhzject1Cg.jpg","a47e2eecabae7afae781844eba3460ffbe53a9d520ae6bedbc89bb6963f2720c","all/UZfgT84VSiyfVhzject1Cg.jpg","not_confirmed_cross_scene","false"
"fq000918","vx_315fba10c6127837","87046669","query","p/XxxkiyTPQbGTkFFRRB4IQg.jpg","4df81241730bdf18fa2a1ec3523515301cb12ffb6ff6a28cfad0c4d4a7d0f895","all/XxxkiyTPQbGTkFFRRB4IQg.jpg","not_confirmed_cross_scene","false"
"fq000919","vx_315fba10c6127837","87046669","query","p/aEMpHNJAQbqXxEtFXrWQtA.jpg","25eb06f47d0adce827ffb0852c43b52f9d015557e0911553e528ee68ba42e7b2","all/aEMpHNJAQbqXxEtFXrWQtA.jpg","not_confirmed_cross_scene","false"
"fq000920","vx_315fba10c6127837","87046669","query","p/awfxnwcyTt6N-Uu3a9iazQ.jpg","2f73ed3630a2593a35d0720d122ad01b254e46d838914a1a92d39ae07401f371","all/awfxnwcyTt6N-Uu3a9iazQ.jpg","not_confirmed_cross_scene","false"
"fq000921","vx_315fba10c6127837","87046669","query","p/kGOjkvxbTP-bavpm9bPypw.jpg","c92d47bb89f089362bce0ce6afb8347dad342c1d5b7b39958d133e5d04ed09f2","all/kGOjkvxbTP-bavpm9bPypw.jpg","not_confirmed_cross_scene","false"
"fq000922","vx_315fba10c6127837","87046669","query","p/ovfoguxrSviTcLz22S7jDQ.jpg","3b9d0468de4fdab6f35fd0dbf5897466d995a7bab786a3503a1b3af65d29801a","all/ovfoguxrSviTcLz22S7jDQ.jpg","not_confirmed_cross_scene","false"
"fq000923","vx_315fba10c6127837","87046669","query","p/q20Ggq4pSwOS2FAHIv6NOw.jpg","c3900f34a4b5040428d38427654582cba8278f5e6dcaf2ecb5c649b9b3f29630","all/q20Ggq4pSwOS2FAHIv6NOw.jpg","not_confirmed_cross_scene","false"
"fq000924","vx_315fba10c6127837","87046669","query","p/qMwAYL_LTyq4idj1wCG-fg.jpg","1446fc5d23b42468f8fe044eaa9719b0420d0ec1f3e48fc8950f5bef71276130","all/qMwAYL_LTyq4idj1wCG-fg.jpg","not_confirmed_cross_scene","false"
"fq000925","vx_315fba10c6127837","87046669","query","p/rsJbu5hzReOy7m8OJkNW7Q.jpg","d0c4cfa15d2c31a185aa05c3412a5b876e74d08aa10d355b735b84313d288a08","all/rsJbu5hzReOy7m8OJkNW7Q.jpg","not_confirmed_cross_scene","false"
"fq000926","vx_315fba10c6127837","87046669","query","p/xNLbYW6GQUOZ_Ing2wfljg.jpg","7b6b47f7d597d0f52cab6c5ae82248e67a1bc9063c90811155d8ab9411c4c265","all/xNLbYW6GQUOZ_Ing2wfljg.jpg","not_confirmed_cross_scene","false"
"fg0706","vx_04e35fc1a4588d88","151459063","gallery","p/yE5maGXPSQe3K4OOzBiCYw.jpg","b160c6aa1d47031dcea6e9ebd78ce8416c51e5718504164a9b4285d3e0837992","all/yE5maGXPSQe3K4OOzBiCYw.jpg","not_confirmed_cross_scene","false"
"fq002832","vx_04e35fc1a4588d88","151459063","query","p/rz44cWG9RZuTjgDAHZwgWg.jpg","30fbb9ac0cae64502a825efea84d29eca87c8aaf495884f1dd28261cf0111d76","all/rz44cWG9RZuTjgDAHZwgWg.jpg","not_confirmed_cross_scene","false"
"fq002833","vx_04e35fc1a4588d88","151459063","query","p/wd7WIKFITAeM1gryl49IfQ.jpg","f8bf39789971df9f702597a095388867f7070f423fc026d4e5c9edac7f0be636","all/wd7WIKFITAeM1gryl49IfQ.jpg","not_confirmed_cross_scene","false"
"fq002834","vx_04e35fc1a4588d88","151459063","query","p/zZA53s5TRFaxG-V0utVoTA.jpg","439376c034df9a2a4518374cebbae96bf046b6b5d1e3b10cb89dfbbbb68abef2","all/zZA53s5TRFaxG-V0utVoTA.jpg","not_confirmed_cross_scene","false"
"fg0358","vx_dfc32a74ab852b3c","15517982","gallery","p/8XDMsYmcSKOSwg-L7_YB8A.jpg","7a15d77d3737da295f6590b75796c853dbb3133b6bb94b6d16ea1921270525b9","all/8XDMsYmcSKOSwg-L7_YB8A.jpg","not_confirmed_cross_scene","false"
"fq001752","vx_dfc32a74ab852b3c","15517982","query","p/OGYRhImTTsqjoE8BS8VRlw.jpg","2f9916c64fcb7e1acb227aa2623ddd4ee5be6d5abdbeb9cc947196aaf347ff88","all/OGYRhImTTsqjoE8BS8VRlw.jpg","not_confirmed_cross_scene","false"
"fq001753","vx_dfc32a74ab852b3c","15517982","query","p/i9dkwAceSBCFBB1gpr75zA.jpg","e59e38efc8db2dc495fafacad7635c5cb5a7e399c8724c06dfdf113f7da24a02","all/i9dkwAceSBCFBB1gpr75zA.jpg","not_confirmed_cross_scene","false"
"fq001754","vx_dfc32a74ab852b3c","15517982","query","p/jEwr8WwmT9OJ5TbZyW43ow.jpg","18e5f7fbd9047a7027eb0936094abc9e74fda2cbd7ed443a0712bb1ab2c908fb","all/jEwr8WwmT9OJ5TbZyW43ow.jpg","not_confirmed_cross_scene","false"
"fq001755","vx_dfc32a74ab852b3c","15517982","query","p/xEHqYCOmS4ekkWukYToS7w.jpg","736703d1bf3b872493cf41bd5abe623201530e61d8ce39188640a975b7cc715f","all/xEHqYCOmS4ekkWukYToS7w.jpg","not_confirmed_cross_scene","false"
"fq001756","vx_dfc32a74ab852b3c","15517982","query","p/zp-M9lkeQ8-2fJyVEsUaMg.jpg","bd669f8ba46769ad11e566eeb234e8543ecad30df0924195f22916356a81eb91","all/zp-M9lkeQ8-2fJyVEsUaMg.jpg","not_confirmed_cross_scene","false"
"fg0495","vx_24104833a0dad29a","4722023","gallery","p/1c9EQH_MStuPi0E-VwFZHA.jpg","d9b7a66ffe6507a2eb81263eeb699f22f546c4edb3eb9c612cb94f8278ad10af","all/1c9EQH_MStuPi0E-VwFZHA.jpg","not_confirmed_cross_scene","false"
"fq002198","vx_24104833a0dad29a","4722023","query","p/YHhqxE2QTLWoSAsnwpUCpg.jpg","817345367fa4d271deec38e7bfd9fcf4f6c37f950e3b09cc75945489e81546fd","all/YHhqxE2QTLWoSAsnwpUCpg.jpg","not_confirmed_cross_scene","false"
"fq002199","vx_24104833a0dad29a","4722023","query","p/jH6Hp604RFyWUjs2pDNauA.jpg","3040ddb36cdada5c5aeda3f1e8ca1852f4e8383360fe86f0f2de47c731ad13e7","all/jH6Hp604RFyWUjs2pDNauA.jpg","not_confirmed_cross_scene","false"
"fq002200","vx_24104833a0dad29a","4722023","query","p/z34eYcFoTwSZxCZVj0V7Iw.jpg","0afd3abfee1c81d5ced3ad6563f33122674fc31d3b7617934b5568a1c7ce290d","all/z34eYcFoTwSZxCZVj0V7Iw.jpg","not_confirmed_cross_scene","false"
"fg0407","vx_358152b150f231a3","157188918","gallery","p/hihGeOz9S1ah9BJVBIpcAQ.jpg","2efa165b33a61590de8c1a06b520629ea57b6097b6de36329b59f2e054a91066","all/hihGeOz9S1ah9BJVBIpcAQ.jpg","not_confirmed_cross_scene","false"
"fq001911","vx_358152b150f231a3","157188918","query","p/H5hKaGY2TU-mRZiYN2WLrg.jpg","4c8b92f969f4d13b4222d94e0807af91b8711b228643d3c9a80bc71bfbd2e533","all/H5hKaGY2TU-mRZiYN2WLrg.jpg","not_confirmed_cross_scene","false"
"fg0272","vx_c1335dd52391d327","158728831","gallery","p/NUuG_vDpTMGmVfzH5SXQtg.jpg","abac2212fe1dd9973afe9a7a6aec31e9b494ee89dd28d1ca89e37fed21fac6b6","all/NUuG_vDpTMGmVfzH5SXQtg.jpg","not_confirmed_cross_scene","false"
"fq001269","vx_c1335dd52391d327","158728831","query","p/lE9C3XPARI2LbGZ10IUKzA.jpg","36ebc4b4cc174fc8ed8349030f5050220eebefa14aa8704bef7f21d5f6b6aeb1","all/lE9C3XPARI2LbGZ10IUKzA.jpg","not_confirmed_cross_scene","false"
"fq001270","vx_c1335dd52391d327","158728831","query","p/xn1GJy9wQ0OIX_fDZpt6jQ.jpg","7bb2270ca5dcaa81ff8a458cbc36001cbfb4b38f70746b524e219eba64d97ea0","all/xn1GJy9wQ0OIX_fDZpt6jQ.jpg","not_confirmed_cross_scene","false"
"fg0136","vx_2e3dedb1b7f60a96","69545749","gallery","p/3Syi5Z7BQf6v3OXjE1k8ZQ.jpg","ed21e4803dc09646c53f1273befd85732ba45ff5da17b4ea4297d2a349d6af15","all/3Syi5Z7BQf6v3OXjE1k8ZQ.jpg","not_confirmed_cross_scene","false"
"fq000632","vx_2e3dedb1b7f60a96","69545749","query","p/i7-w8lzfRie6MesvkXAciw.jpg","042ea8e5f74f980eb51802800d7f04bf3c2bb350c595ec9e6733c53d11bfe60b","all/i7-w8lzfRie6MesvkXAciw.jpg","not_confirmed_cross_scene","false"
"fg0917","vx_b596082123d0a3b9","150749715","gallery","p/Di1j27W-SHeEsYKi3g5F7A.jpg","e7c15e8367572a0f2fa6ba0a8b0f837a5f7255fab22ea6c5194a27d05b4f067f","all/Di1j27W-SHeEsYKi3g5F7A.jpg","not_confirmed_cross_scene","false"
"fq003944","vx_b596082123d0a3b9","150749715","query","p/JApSmsehSAi5mJk-h7KxaQ.jpg","268306baa31ad0aaf46eb8df4da2d7eb213227dfed7d21dcc3fb339066918639","all/JApSmsehSAi5mJk-h7KxaQ.jpg","not_confirmed_cross_scene","false"
"fg0568","vx_5afd4a9659f75afd","156807187","gallery","p/greDJQlWSzeHk8S-iWz10A.jpg","c7bf37d1e33376e9cdeeaaf6f6827e57115109b7aafa6bf4c76b57637457cd2c","all/greDJQlWSzeHk8S-iWz10A.jpg","not_confirmed_cross_scene","false"
"fq002462","vx_5afd4a9659f75afd","156807187","query","p/EywwJ3lcRISfJyYS0tiWRQ.jpg","982532942e3acbcc8845c7853837c6a649e51b164b9d49be656f316aaaa8d902","all/EywwJ3lcRISfJyYS0tiWRQ.jpg","not_confirmed_cross_scene","false"
"fg0610","vx_72d007e702ba4d94","152233486","gallery","p/ilJCSWKQSgieiie1bz0ovA.jpg","48a9e4153b7efb51af4171b741ca983ef5623dcfe0859af63462c82ae7309d3f","all/ilJCSWKQSgieiie1bz0ovA.jpg","not_confirmed_cross_scene","false"
"fq002558","vx_72d007e702ba4d94","152233486","query","p/3PolTFnPQT6ueLpJtJ-wOw.jpg","5487ea9dbe506b400a7bc277ad3401b9993e184f8f7dfb33950e6b29ab85c1ba","all/3PolTFnPQT6ueLpJtJ-wOw.jpg","not_confirmed_cross_scene","false"
"fq002559","vx_72d007e702ba4d94","152233486","query","p/7vewpdEgQHCcmcRoZmOsng.jpg","1f5249c5f19954e03513340190e33b8ddfe391cd33e8bba763f8844f976136fa","all/7vewpdEgQHCcmcRoZmOsng.jpg","not_confirmed_cross_scene","false"
"fq002560","vx_72d007e702ba4d94","152233486","query","p/E4hOix8RT6yooyFdYeaP1Q.jpg","c8f5e59df48456a3fe3728415ce1f86d34eab07d91b5c7ab75ff4fdbdae506d3","all/E4hOix8RT6yooyFdYeaP1Q.jpg","not_confirmed_cross_scene","false"
"fq002561","vx_72d007e702ba4d94","152233486","query","p/X6wW6hZBS8av_xNkFZoDzg.jpg","91eac99ba6b246f59c527aecf7ebfdf34fdaf44b085021dee9e4d888d36f1fa5","all/X6wW6hZBS8av_xNkFZoDzg.jpg","not_confirmed_cross_scene","false"
"fq002562","vx_72d007e702ba4d94","152233486","query","p/mnFqeg3nQR-oduXNKJ3TRg.jpg","9663e246336c89b0ae13f970cf8bcce3809e4f982a363bd42730fd1aecffd2f5","all/mnFqeg3nQR-oduXNKJ3TRg.jpg","not_confirmed_cross_scene","false"
"fq002563","vx_72d007e702ba4d94","152233486","query","p/qx6BzvRnQyKrfUMxr0SDhQ.jpg","1ac3a151cd30148309192f8c986b6ce056ca09079ec2d0b356bb8e940468e998","all/qx6BzvRnQyKrfUMxr0SDhQ.jpg","not_confirmed_cross_scene","false"
"fg0993","vx_327ed01c996b8a2c","154952981","gallery","p/71DIAcBJS--BXTXZlVWZbg.jpg","b65918e70b325d32fd7e01986b64441ca170b419b1892b92618e490c0d9cf5e0","all/71DIAcBJS--BXTXZlVWZbg.jpg","not_confirmed_cross_scene","false"
"fq004275","vx_327ed01c996b8a2c","154952981","query","p/oCQRKXkiQvewmHU2sBN70Q.jpg","f204de95e763670f00cb2cfa1bcb4b03945d364d7da2923d05f9c472b951aa07","all/oCQRKXkiQvewmHU2sBN70Q.jpg","not_confirmed_cross_scene","false"
"fg0823","vx_0abe2279e1528eca","155769933","gallery","p/KT6V35qaR-aZEGct1TJHXA.jpg","70790bb22d5c863adca065e3b9a114c8b594784151456353a194da65c0c932dc","all/KT6V35qaR-aZEGct1TJHXA.jpg","not_confirmed_cross_scene","false"
"fq003266","vx_0abe2279e1528eca","155769933","query","p/4EkwS90eQxeTxx6QFUNN7A.jpg","198ab516c1563d53d1b4083d5178d95f6d65aa34f3183bb86a59ec0b9da6ca2d","all/4EkwS90eQxeTxx6QFUNN7A.jpg","not_confirmed_cross_scene","false"
"fq003267","vx_0abe2279e1528eca","155769933","query","p/4X7wWd0FTGiIZZfAgH70ZA.jpg","3402f7a440d098d15061297989a922875d0264109a7dc7254205ae565fa46438","all/4X7wWd0FTGiIZZfAgH70ZA.jpg","not_confirmed_cross_scene","false"
"fq003268","vx_0abe2279e1528eca","155769933","query","p/6jlKlw6JSceokVKp9nTuKQ.jpg","d0378d96e64bc644535658a683d4cc9640d05176a7356b46b0c630822e79b792","all/6jlKlw6JSceokVKp9nTuKQ.jpg","not_confirmed_cross_scene","false"
"fq003269","vx_0abe2279e1528eca","155769933","query","p/9OvTxsb7SVmMKOAUOzX4Jw.jpg","bce0ddec7f0e50b44dadb4114230422ca25c452f1a46a0b124f5b6afbe4fd4ba","all/9OvTxsb7SVmMKOAUOzX4Jw.jpg","not_confirmed_cross_scene","false"
"fq003270","vx_0abe2279e1528eca","155769933","query","p/A5rAr_HmQHiFADgTGW7Fpg.jpg","e75d5394005d5143cb56639384de7a4220f9e5bc7c2c388f1b47bf125c764b61","all/A5rAr_HmQHiFADgTGW7Fpg.jpg","not_confirmed_cross_scene","false"
"fq003271","vx_0abe2279e1528eca","155769933","query","p/IlaVwTZOREeD08tYQNVr1A.jpg","2737bb7084460bc4508d9481c0151fe6f1b07f08b4187380b1894e2dbe3ae434","all/IlaVwTZOREeD08tYQNVr1A.jpg","not_confirmed_cross_scene","false"
"fq003272","vx_0abe2279e1528eca","155769933","query","p/MQVJhAxbRauVoP0ySGD-uA.jpg","707e616f8aa92d003e0e8391a3263b1ce469ce52a9968f7ab2c2b4e739562dec","all/MQVJhAxbRauVoP0ySGD-uA.jpg","not_confirmed_cross_scene","false"
"fq003273","vx_0abe2279e1528eca","155769933","query","p/N1H2IhKKREi-JLA21H2P0g.jpg","ab0d85ce9d696b52cf6318ce9f870a96f50ec5cb38880ef5eb0c01cf232a7e84","all/N1H2IhKKREi-JLA21H2P0g.jpg","not_confirmed_cross_scene","false"
"fq003274","vx_0abe2279e1528eca","155769933","query","p/Y4Cw4qcvTbKbEmoZxHm6gw.jpg","a443f8d4fc9fb0e7153684bb0a23d955aef2bf31b5bdbf6fcc519eda4e8384ba","all/Y4Cw4qcvTbKbEmoZxHm6gw.jpg","not_confirmed_cross_scene","false"
"fq003275","vx_0abe2279e1528eca","155769933","query","p/bkA92O8RQHW7jI4sxdt6QA.jpg","2376dfe835936c8af8c1aae17490ac137225e7af126b064c1016f44ebb736318","all/bkA92O8RQHW7jI4sxdt6QA.jpg","not_confirmed_cross_scene","false"
"fq003276","vx_0abe2279e1528eca","155769933","query","p/dgJB1OVySESvQ6JMHoJ2GA.jpg","cef5e695bdaa7c3dc91c0c0aa2ad2dbbad841b54c4e1718cd65fbd2c86141491","all/dgJB1OVySESvQ6JMHoJ2GA.jpg","not_confirmed_cross_scene","false"
"fq003277","vx_0abe2279e1528eca","155769933","query","p/eZkOZJTuQniGZx0pFB2dng.jpg","17c04da722ab7f9b104b572a6458e0a93ef34986120c802145a366eaf823a8c6","all/eZkOZJTuQniGZx0pFB2dng.jpg","not_confirmed_cross_scene","false"
"fq003278","vx_0abe2279e1528eca","155769933","query","p/iXzyjCLiTU2sGFvaLFoXpA.jpg","6c7f1cec06a9763d9c5aed85843e2f073f40d39c7278aef38a20db516227f63c","all/iXzyjCLiTU2sGFvaLFoXpA.jpg","not_confirmed_cross_scene","false"
"fq003279","vx_0abe2279e1528eca","155769933","query","p/in3vPU0LRUW1C-fdLqA45w.jpg","8acce757853c897ee951b4ac6f8b2b034ead97e6a4deddbd30a36d63e99d9b5d","all/in3vPU0LRUW1C-fdLqA45w.jpg","not_confirmed_cross_scene","false"
"fq003280","vx_0abe2279e1528eca","155769933","query","p/jiYexbqRSD2lgj71ws8HAg.jpg","59241fbf229ad8488ded18d63d3e47dc5d1d7df67c8f46511cb2fbd4ad563c38","all/jiYexbqRSD2lgj71ws8HAg.jpg","not_confirmed_cross_scene","false"
"fq003281","vx_0abe2279e1528eca","155769933","query","p/qUBj8z3IT2WcNjJnY2ravQ.jpg","3191b34c90fc1346a539d8a2d87732750d512a94344ade5047a694ed99872d84","all/qUBj8z3IT2WcNjJnY2ravQ.jpg","not_confirmed_cross_scene","false"
"fq003282","vx_0abe2279e1528eca","155769933","query","p/vkavzBoSSnuGzNV6nGn2mA.jpg","7434d82d24aa2f59e07a63e8f65c09bdfeb3e8d77b9169ce0ccbf56601fe8e07","all/vkavzBoSSnuGzNV6nGn2mA.jpg","not_confirmed_cross_scene","false"
"fq003283","vx_0abe2279e1528eca","155769933","query","p/w508O_kHTL2RONZkVBlgHw.jpg","081d55a1692d78bcc8fb6cb511bdcbbabf706c04c41c7ebdf2964ebac7e9fe42","all/w508O_kHTL2RONZkVBlgHw.jpg","not_confirmed_cross_scene","false"
"fg0857","vx_bc94ac78684f3035","3672256","gallery","p/jfrAy1OpR02_rSWAIkAruA.jpg","07196bcb65adc9ca9a39aafa00a006b165cf1ae53852c5493e7497975f36ca16","all/jfrAy1OpR02_rSWAIkAruA.jpg","not_confirmed_cross_scene","false"
"fq003613","vx_bc94ac78684f3035","3672256","query","p/ES9qgP2sRbe7nntun40tRQ.jpg","bce8e7e95980272f235ae2760fec9a637771fe92aa5bdde68aee8b41e5177a59","all/ES9qgP2sRbe7nntun40tRQ.jpg","not_confirmed_cross_scene","false"
"fq003614","vx_bc94ac78684f3035","3672256","query","p/jb6zLhwXRze0KAHVVWDZ7Q.jpg","b997aaf8a3b5c6037343559e4b9600c88736585e17f83055c3f4775407abedce","all/jb6zLhwXRze0KAHVVWDZ7Q.jpg","not_confirmed_cross_scene","false"
"fg0071","vx_5bad01e92f5ce422","5415827","gallery","p/WzzN3xXjQ3SRjhf1s4NPeg.jpg","1ba7a00be73e1687ee2a47efd1762b877ceee409f0d9c150de52a5661ed9ac64","all/WzzN3xXjQ3SRjhf1s4NPeg.jpg","not_confirmed_cross_scene","false"
"fq000363","vx_5bad01e92f5ce422","5415827","query","p/BiluGmFqSgSR2LakhHPHJw.jpg","2ae7ad9b6820beec1597196358ddc99147450408735a992fff97903d870a13c4","all/BiluGmFqSgSR2LakhHPHJw.jpg","not_confirmed_cross_scene","false"
"fq000364","vx_5bad01e92f5ce422","5415827","query","p/bFgpmgFkT8iLXrNLC-J6bQ.jpg","5bfff9f24210ba6e9752020e245e035c814a12fcdc3ef2103166acfd72533892","all/bFgpmgFkT8iLXrNLC-J6bQ.jpg","not_confirmed_cross_scene","false"
"fg0584","vx_85c84fb052b16a5d","1417160","gallery","p/dtrxUKDlSEK5zOlhmm3iAg.jpg","2f82565e4276ed55e99f4c6b990c056f5427e76af617a0a384cc314081851a62","all/dtrxUKDlSEK5zOlhmm3iAg.jpg","not_confirmed_cross_scene","false"
"fq002518","vx_85c84fb052b16a5d","1417160","query","p/IOiCaLJzRHyw7RC-FmPO3g.jpg","1136ca256a9e49158228ee4de7f3fb3599b05393f314ae3d2d1ab1ec7d9ebe54","all/IOiCaLJzRHyw7RC-FmPO3g.jpg","not_confirmed_cross_scene","false"
"fq002519","vx_85c84fb052b16a5d","1417160","query","p/XA3TrpDqQbyzOrbpGCppvQ.jpg","d478171f90d9cfde08a64d5a169dbd7ef3c503e6b0c0bed3bb50c2993bb48aff","all/XA3TrpDqQbyzOrbpGCppvQ.jpg","not_confirmed_cross_scene","false"
"fg0169","vx_d5c75453fb8f2e73","167796201","gallery","p/MVNOzGCLQhmcFm6Pb5Vp5A.jpg","d24f48b4969f1dd2758db03f8640f7c57d2bf2630ebb5a086f4414c093a6e0de","all/MVNOzGCLQhmcFm6Pb5Vp5A.jpg","not_confirmed_cross_scene","false"
"fq000753","vx_d5c75453fb8f2e73","167796201","query","p/wz1-3Q4xTsm6CPwL9MOBHg.jpg","fed6cf65d0a082e741864b217aadf911dad4a64dc82694c7dcbd3ceba051ba1a","all/wz1-3Q4xTsm6CPwL9MOBHg.jpg","not_confirmed_cross_scene","false"
"fg0075","vx_b6b3e47aa51b2371","150022146","gallery","p/_SMaI09TRvmnmiQfl4tFTA.jpg","9a2b74de1025a943632f09f824caf4619e276c3ba470af02ebbad235a7a5e2ed","all/_SMaI09TRvmnmiQfl4tFTA.jpg","not_confirmed_cross_scene","false"
"fq000371","vx_b6b3e47aa51b2371","150022146","query","p/2p-4kIEtR6WIEcSpt5X77g.jpg","bf2c81e2f61ecc1aa9e2936462c6a7c2ec280c537c11c266377bcb1f41b0b8bd","all/2p-4kIEtR6WIEcSpt5X77g.jpg","not_confirmed_cross_scene","false"
"fq000372","vx_b6b3e47aa51b2371","150022146","query","p/5p78poafSPizD4TQTtjZsw.jpg","dab89395f5ef2c6432d96e50fb5e1c389026c6bff19f179e057d9ce4e469a6df","all/5p78poafSPizD4TQTtjZsw.jpg","not_confirmed_cross_scene","false"
"fq000373","vx_b6b3e47aa51b2371","150022146","query","p/Uw-FsfY6Qe6Av99jJAs09A.jpg","1c95965db75e8f92ec3c7002e5a9aff9d4f7d2b5ace3e38136e8b585432f579b","all/Uw-FsfY6Qe6Av99jJAs09A.jpg","not_confirmed_cross_scene","false"
"fq000374","vx_b6b3e47aa51b2371","150022146","query","p/_rFknbswSOWCtS8gp-DKfA.jpg","e09b627b62625f6b34b5a7b67f7ef2b61e03057edf001051d086497006c88ad5","all/_rFknbswSOWCtS8gp-DKfA.jpg","not_confirmed_cross_scene","false"
"fq000375","vx_b6b3e47aa51b2371","150022146","query","p/a6S-_NTfQHScXgnjQ1zmKQ.jpg","56dcaca47d51b2fd4fa7fb61eb5592c41b3305887531b80453348077f34cb39b","all/a6S-_NTfQHScXgnjQ1zmKQ.jpg","not_confirmed_cross_scene","false"
"fq000376","vx_b6b3e47aa51b2371","150022146","query","p/b8ItIZ_XTJy97Qjy9zUQhg.jpg","75e8e68e633b3da51925c2d2082239277575f3e17f8769443cbff3c9a6c1cb6b","all/b8ItIZ_XTJy97Qjy9zUQhg.jpg","not_confirmed_cross_scene","false"
"fq000377","vx_b6b3e47aa51b2371","150022146","query","p/kdZY0nhwTZqgfF0BUxoOOg.jpg","284fa40e8010540f8ec54cdb7968a5decb50d80a95884843781be257a518badf","all/kdZY0nhwTZqgfF0BUxoOOg.jpg","not_confirmed_cross_scene","false"
"fq000378","vx_b6b3e47aa51b2371","150022146","query","p/m7ZR0yFiQLKQ3lpxt-xjfw.jpg","1cc4ad92c54a25cc1c1f0332713c9dccf8042604dae982edd2ed87daab947095","all/m7ZR0yFiQLKQ3lpxt-xjfw.jpg","not_confirmed_cross_scene","false"
"fg0074","vx_05e7b6f00cb33be9","1212445","gallery","p/UneOpTIgQ_uVF73tg9dQ-A.jpg","5a0444220b53628da266f6dc1d355c4dd76e777e569b48f07a67a8e6fb913330","all/UneOpTIgQ_uVF73tg9dQ-A.jpg","not_confirmed_cross_scene","false"
"fq000370","vx_05e7b6f00cb33be9","1212445","query","p/1ewBDk8kTHOAjHOR2hiVaA.jpg","5233fbd14f7db9d0d31e54a2bf428bb905d81752e9f66869c727ecda0bae108d","all/1ewBDk8kTHOAjHOR2hiVaA.jpg","not_confirmed_cross_scene","false"
"fg0565","vx_51908dae37c0e386","1752880","gallery","p/xaWReIw8Q-SpfoFOMbKNEw.jpg","08fdb973992e6dec459b9d39303616f63b02c6d84705a4474c17c0a8f45f6f4d","all/xaWReIw8Q-SpfoFOMbKNEw.jpg","not_confirmed_cross_scene","false"
"fq002457","vx_51908dae37c0e386","1752880","query","p/TPjzEToiRemwePy94AiqrQ.jpg","120b4ba8d23ee1f10b8e0a1bd361aba9866b055948232d1dd979099d8d116793","all/TPjzEToiRemwePy94AiqrQ.jpg","not_confirmed_cross_scene","false"
"fq002458","vx_51908dae37c0e386","1752880","query","p/s9pKpOWaTF2-GEd-JZshCw.jpg","543a0854c9ecb51a4e9a0027094f609788740fac87d910cacded548e4514d4ad","all/s9pKpOWaTF2-GEd-JZshCw.jpg","not_confirmed_cross_scene","false"
"fg0520","vx_409efbcd946f4cd6","154234561","gallery","p/_Vj8xPCKSVusIDB_ZRYo9w.jpg","a7b393064ba47235ef2e64c2d5cd07dc5f9f73bf9bf6ce809d4f64a3d7080ac6","all/_Vj8xPCKSVusIDB_ZRYo9w.jpg","not_confirmed_cross_scene","false"
"fq002336","vx_409efbcd946f4cd6","154234561","query","p/Cl2OFqDXSmy91iixlvIgjw.jpg","9dc3350475ba01ba6dd4d98904ebc76500278cdc26fd11d763890a3008bc0ed5","all/Cl2OFqDXSmy91iixlvIgjw.jpg","not_confirmed_cross_scene","false"
"fq002337","vx_409efbcd946f4cd6","154234561","query","p/DjpbbIg7Su6cRuyZPrOR-g.jpg","322c32496b3cdc8dd93ddfafe66b50fcea8e27da572536bf5c30dd6a403622e0","all/DjpbbIg7Su6cRuyZPrOR-g.jpg","not_confirmed_cross_scene","false"
"fq002338","vx_409efbcd946f4cd6","154234561","query","p/JnmHtVj3Qa2ybBmRoXhNAw.jpg","012e4261033d351b1b85344d0d0e35cb5dde98bc1d87c256368d667c718ff3d9","all/JnmHtVj3Qa2ybBmRoXhNAw.jpg","not_confirmed_cross_scene","false"
"fq002339","vx_409efbcd946f4cd6","154234561","query","p/R2VF7nyZQmeGleDTophtzQ.jpg","8d1d1003c5e70637806e2d0dac254a77c59ae0c056a67f1668efae950921abc9","all/R2VF7nyZQmeGleDTophtzQ.jpg","not_confirmed_cross_scene","false"
"fq002340","vx_409efbcd946f4cd6","154234561","query","p/yfCd6zmGSnafhGBYGC3qVg.jpg","d311b18f84a9a1d7d88dea54ba8266ba52701829cccf45b83b41b7768b9ea113","all/yfCd6zmGSnafhGBYGC3qVg.jpg","not_confirmed_cross_scene","false"
"fg0653","vx_8103a3d80ea48603","8467201","gallery","p/C_syJDQSSAylbqJOycAwCg.jpg","92202d53468b1d80ee01f814e33d990d2c6e8cff241bfe4854338fef1dd0ca48","all/C_syJDQSSAylbqJOycAwCg.jpg","not_confirmed_cross_scene","false"
"fq002663","vx_8103a3d80ea48603","8467201","query","p/4McUsCVyQeOSVEJIHArIcQ.jpg","1aac8ad51274c89d259e6d95a8ef1b3ae2ddf950b773c5a046c7c517ec5b3a19","all/4McUsCVyQeOSVEJIHArIcQ.jpg","not_confirmed_cross_scene","false"
"fq002664","vx_8103a3d80ea48603","8467201","query","p/4vb75hD3TlSB6XKsQY3IDQ.jpg","aa3a82493d95cff12eb1229e820a8be331d6c1f1c2623216109781178fcddf4c","all/4vb75hD3TlSB6XKsQY3IDQ.jpg","not_confirmed_cross_scene","false"
"fq002665","vx_8103a3d80ea48603","8467201","query","p/EtlI8sHpRm--OLJLDUrwhw.jpg","96b1c317efdbc82ece1279f653561db079a1b4535c4e0e87464d76e705a155d0","all/EtlI8sHpRm--OLJLDUrwhw.jpg","not_confirmed_cross_scene","false"
"fq002666","vx_8103a3d80ea48603","8467201","query","p/WX4Ytfb_RKi98dCKlfMEgA.jpg","29d6a9cc20cbd92d48aabf8847236bd8005dc149a2ffeff33cc6d7bc21d3139d","all/WX4Ytfb_RKi98dCKlfMEgA.jpg","not_confirmed_cross_scene","false"
"fq002667","vx_8103a3d80ea48603","8467201","query","p/ZFEEvONxR8GB9OuBKSz3ew.jpg","96a8191da3e7517dfdbd3a5867855876379509eaba58d560746d927a04ad8ee4","all/ZFEEvONxR8GB9OuBKSz3ew.jpg","not_confirmed_cross_scene","false"
"fq002668","vx_8103a3d80ea48603","8467201","query","p/aZF6linqReq23CEfnZK2Ng.jpg","7ce1bece1905ebb95a3498902262e6c9c11974771e8ac42fca4ff578eb284280","all/aZF6linqReq23CEfnZK2Ng.jpg","not_confirmed_cross_scene","false"
"fq002669","vx_8103a3d80ea48603","8467201","query","p/dLoewBLrRFCihNUvJO9gnQ.jpg","cfbede370ca2d0d4720ce9eda6d3290ac188e6b9f1e9f2ba32c42f17cc25c85c","all/dLoewBLrRFCihNUvJO9gnQ.jpg","not_confirmed_cross_scene","false"
"fq002670","vx_8103a3d80ea48603","8467201","query","p/gKz07clOT52C1lYWimufkQ.jpg","630802d674a428ebf9fc2ceb4da334d9836959e2538c1082643cca33ee9c7fdd","all/gKz07clOT52C1lYWimufkQ.jpg","not_confirmed_cross_scene","false"
"fq002671","vx_8103a3d80ea48603","8467201","query","p/nCXTDOo4SW2hxAWYrFwt-Q.jpg","7f88f4ca156aefbee4c56056ec14b2af702d368b335c0cfb74a5e1a4218a9d50","all/nCXTDOo4SW2hxAWYrFwt-Q.jpg","not_confirmed_cross_scene","false"
"fg0948","vx_d3d0aef95e15e5e8","152929438","gallery","p/hW8unJ0HRDKhDYxdwKLLaA.jpg","42e617ffbc222517616b5df436ee0a793090b95e161e67153c3a351ef6c7b5f1","all/hW8unJ0HRDKhDYxdwKLLaA.jpg","not_confirmed_cross_scene","false"
"fq004093","vx_d3d0aef95e15e5e8","152929438","query","p/3nUuTui3RQqCrl7IMHeZ7A.jpg","635ad4feab3ec1d6d7bef62aee2ae0bcfcdec875fdf8eb7b412a2f7204bc5d03","all/3nUuTui3RQqCrl7IMHeZ7A.jpg","not_confirmed_cross_scene","false"
"fq004094","vx_d3d0aef95e15e5e8","152929438","query","p/FNBdlTIpT82ilDlNi7X8qw.jpg","3bfc0afab711aaa0546b94657892a4320ab0a82281d33182f41721d04de52800","all/FNBdlTIpT82ilDlNi7X8qw.jpg","not_confirmed_cross_scene","false"
"fq004095","vx_d3d0aef95e15e5e8","152929438","query","p/R3asZKdQSUmOTLrCfRKshA.jpg","2172afc0a14dd66cabc73e7efc1067f5fc19c0f6415d593f4cc466412cd64bb0","all/R3asZKdQSUmOTLrCfRKshA.jpg","not_confirmed_cross_scene","false"
"fq004096","vx_d3d0aef95e15e5e8","152929438","query","p/RMzvpdfOQoGLgtDxawu3tQ.jpg","8b2d48ab16f358a8dbe5598e835a856b4e8d9039ffb6564624097d6694065edd","all/RMzvpdfOQoGLgtDxawu3tQ.jpg","not_confirmed_cross_scene","false"
"fq004097","vx_d3d0aef95e15e5e8","152929438","query","p/fJAVGR-pQGigqUxyn7aSkg.jpg","f04429ffb9e8df7f0fa91cc9276c2cec35b09b8be45ad5dcffe930f4e600d251","all/fJAVGR-pQGigqUxyn7aSkg.jpg","not_confirmed_cross_scene","false"
"fq004098","vx_d3d0aef95e15e5e8","152929438","query","p/jaDO-dkLTDax8NUAT2RdHA.jpg","f0b4981fb63855e8973d6141c8cf8b0bab3573c0d9b8491fa0e0fbe6b86c25a8","all/jaDO-dkLTDax8NUAT2RdHA.jpg","not_confirmed_cross_scene","false"
"fq004099","vx_d3d0aef95e15e5e8","152929438","query","p/kwZyAoGKQG6V19rFmrC5OA.jpg","3d0afbf63017187ef7e714600d8c2e8d86c75fbdee9fe7f69c17ad096ba07cba","all/kwZyAoGKQG6V19rFmrC5OA.jpg","not_confirmed_cross_scene","false"
"fq004100","vx_d3d0aef95e15e5e8","152929438","query","p/msf_59RbSfqKZ0wK4ZxjjQ.jpg","1583bfe832e79345322fd8d45bc55521f93e566b1b04b45f40dccc4ae6f5c132","all/msf_59RbSfqKZ0wK4ZxjjQ.jpg","not_confirmed_cross_scene","false"
"fq004101","vx_d3d0aef95e15e5e8","152929438","query","p/nVCuydUjQXGoUkFWVJUlGg.jpg","a6f3a182e584db6eb3eb6a9b3e7a8c552a1862c9faa6549915b88720611ea523","all/nVCuydUjQXGoUkFWVJUlGg.jpg","not_confirmed_cross_scene","false"
"fq004102","vx_d3d0aef95e15e5e8","152929438","query","p/np5Yfvw1RSe7p6jkPfUGaw.jpg","7894c04915cc0e3c027c61edb35919ef148c66b3ec5003397a1b2f29835458f3","all/np5Yfvw1RSe7p6jkPfUGaw.jpg","not_confirmed_cross_scene","false"
"fq004103","vx_d3d0aef95e15e5e8","152929438","query","p/xSUzm32oRoq-S31-5DzMKQ.jpg","58c455505b0ae8517f74a76fa3ea46136f4db0a1ce344527f861e1737c5360c9","all/xSUzm32oRoq-S31-5DzMKQ.jpg","not_confirmed_cross_scene","false"
"fq004104","vx_d3d0aef95e15e5e8","152929438","query","p/zivXJRmfRKqofkXt80A3gQ.jpg","9411fadd09e7d5b8cb06c66c5a353e8b718e7698d9d8c92f120c3d3a574e3d3b","all/zivXJRmfRKqofkXt80A3gQ.jpg","not_confirmed_cross_scene","false"
"fg0563","vx_6a45877a9e63565c","3393968","gallery","p/mXdKDRgsQd-kT-9ggfYKLw.jpg","f254bb14581c243a35771c5052080d7c6e7d607da0813b265064b114c9c35627","all/mXdKDRgsQd-kT-9ggfYKLw.jpg","not_confirmed_cross_scene","false"
"fq002454","vx_6a45877a9e63565c","3393968","query","p/e-5NZSofSlmy8XZeWZ0xYQ.jpg","a41c45ceae2d8e5621ae009603dc58c84e459669e1b208a3c3657884f673fc29","all/e-5NZSofSlmy8XZeWZ0xYQ.jpg","not_confirmed_cross_scene","false"
"fg0643","vx_bf265a20a1fb6fc9","157090797","gallery","p/6OEoWSFdQyGrVk2Tr1JROw.jpg","afba50c9a69d7da2aad81f8ccf3483fdf9d9911bd33149a92be3a1743cca1ed6","all/6OEoWSFdQyGrVk2Tr1JROw.jpg","not_confirmed_cross_scene","false"
"fq002647","vx_bf265a20a1fb6fc9","157090797","query","p/Viw8EFBCS_y8-UD-qg8fSw.jpg","1b33e4c8697397f5a629a64ba13295e16577f0d4b0decf7257646cf32e714663","all/Viw8EFBCS_y8-UD-qg8fSw.jpg","not_confirmed_cross_scene","false"
"fg0944","vx_c4e6199e9b324948","151740136","gallery","p/xjUsllVfT7iW0cfyl1g9cw.jpg","4e27e8330b3793696fd077a7998df1738602fc6777ded4353096402edb9e943d","all/xjUsllVfT7iW0cfyl1g9cw.jpg","not_confirmed_cross_scene","false"
"fq004067","vx_c4e6199e9b324948","151740136","query","p/Eh2MDul3QBy4QRbqVIt3sw.jpg","abb22fcc573115edf4f8a0adeb1c1c9f69181da7be7e302df0006e85dc0f70bc","all/Eh2MDul3QBy4QRbqVIt3sw.jpg","not_confirmed_cross_scene","false"
"fq004068","vx_c4e6199e9b324948","151740136","query","p/Hwmu_EGeSS2Bowtu-7DpJg.jpg","ecd59fcf81adcf424e3df6947363a9ab3853de50c3bdf1497bbb20d86fbbf8f4","all/Hwmu_EGeSS2Bowtu-7DpJg.jpg","not_confirmed_cross_scene","false"
"fq004069","vx_c4e6199e9b324948","151740136","query","p/JDBhR2LATq68aiaOmi5CVA.jpg","e82d483516ca76c2947090cd00133d98af31eb4b6d184163a4eef113e61a1f2e","all/JDBhR2LATq68aiaOmi5CVA.jpg","not_confirmed_cross_scene","false"
"fq004070","vx_c4e6199e9b324948","151740136","query","p/MDB4UKBtThqBpzfl3A4mhA.jpg","c315f4e38b4277e6fd10ff9a9e1f59dae849f74f8b8999863971b6799405fb88","all/MDB4UKBtThqBpzfl3A4mhA.jpg","not_confirmed_cross_scene","false"
"fq004071","vx_c4e6199e9b324948","151740136","query","p/PH_m721QRs2Yryqe2j0x8Q.jpg","e57cdada71a8ec4226f28c6d3015c0d43fdcebbf92762d3aea53ea8a69747b54","all/PH_m721QRs2Yryqe2j0x8Q.jpg","not_confirmed_cross_scene","false"
"fq004072","vx_c4e6199e9b324948","151740136","query","p/QxWTH7MoSA6yy9w-SeM_Ag.jpg","7ddffa25d8a336e6aad965de5f953d65920370865e25ccfe7347f25d457566ec","all/QxWTH7MoSA6yy9w-SeM_Ag.jpg","not_confirmed_cross_scene","false"
"fq004073","vx_c4e6199e9b324948","151740136","query","p/XX8jXvvLT_qD5MzFcgiBJg.jpg","13e2678ddbc55357996d077cea8341c7d3c1437b179e9c76f106667075ef2812","all/XX8jXvvLT_qD5MzFcgiBJg.jpg","not_confirmed_cross_scene","false"
"fq004074","vx_c4e6199e9b324948","151740136","query","p/YmgSJvj-SpaKdZXpfezxEg.jpg","0c6651262647144d9dc26bb251db14bfa0331161c4ec2d38902db3217a1fe810","all/YmgSJvj-SpaKdZXpfezxEg.jpg","not_confirmed_cross_scene","false"
"fq004075","vx_c4e6199e9b324948","151740136","query","p/aHOvgLC_Tfq6Jz68lBmuqQ.jpg","e21c4ebd2dde9f15b0ba6438212df3b0664fe64b0e5190b74b5b1467c18f19d4","all/aHOvgLC_Tfq6Jz68lBmuqQ.jpg","not_confirmed_cross_scene","false"
"fq004076","vx_c4e6199e9b324948","151740136","query","p/f0VjK9UXRGGykT1j_GY3Wg.jpg","aefbacdfe040a47b4d3b19214a071d424c214a236a1ccca4dee5eae63e6e6bfe","all/f0VjK9UXRGGykT1j_GY3Wg.jpg","not_confirmed_cross_scene","false"
"fq004077","vx_c4e6199e9b324948","151740136","query","p/fTtQw5W0RWCN01iPMFKHdw.jpg","f7c5c09266ed1c0591c7e522867c2da222c5f4eb0547165ec04fd764b98658d7","all/fTtQw5W0RWCN01iPMFKHdw.jpg","not_confirmed_cross_scene","false"
"fq004078","vx_c4e6199e9b324948","151740136","query","p/i5WuYAZgRtSXkwqDqerzXA.jpg","b1fc7ae1ce17b6a178112573aa273e847c0f689da47f78793766472854cb96fb","all/i5WuYAZgRtSXkwqDqerzXA.jpg","not_confirmed_cross_scene","false"
"fq004079","vx_c4e6199e9b324948","151740136","query","p/mW5h_i0uT_GLiKHpHAACww.jpg","c6bd185b4cf5ffe748070a23ca4219a57255bdb5646a94e2c11660b7d529c03f","all/mW5h_i0uT_GLiKHpHAACww.jpg","not_confirmed_cross_scene","false"
"fq004080","vx_c4e6199e9b324948","151740136","query","p/nf3ZEiFfT629E_YdwDjecQ.jpg","123030cf5a0609ed71864b048ff3fe530b55051b793b5e3cbf8575f96a81723a","all/nf3ZEiFfT629E_YdwDjecQ.jpg","not_confirmed_cross_scene","false"
"fq004081","vx_c4e6199e9b324948","151740136","query","p/r7TX7fcCQY2S2R3MFOPW6g.jpg","9992ccf33c2286b6d45f5cdb1ac65d563f4995b90ef0479994f34578a573f2b5","all/r7TX7fcCQY2S2R3MFOPW6g.jpg","not_confirmed_cross_scene","false"
"fq004082","vx_c4e6199e9b324948","151740136","query","p/rkDUfRUbTKeiz5-Yi7SCCQ.jpg","de4b6350f60e1714210a98aafbc5fcba378709dcafdd732e07f46e91663eb9d2","all/rkDUfRUbTKeiz5-Yi7SCCQ.jpg","not_confirmed_cross_scene","false"
"fq004083","vx_c4e6199e9b324948","151740136","query","p/tvaLz376R_Gcaqun2cWzPQ.jpg","dbc15dd3219a2e3988e0e717d70585ab105238457058d65ff7f2fd79f16de898","all/tvaLz376R_Gcaqun2cWzPQ.jpg","not_confirmed_cross_scene","false"
"fq004084","vx_c4e6199e9b324948","151740136","query","p/yigKFHKMTqyelKEXf48O6g.jpg","5fda57f4e803f68b2d2faf6c7a1851172e290bfc01e9fabf123d4ab52a8fe202","all/yigKFHKMTqyelKEXf48O6g.jpg","not_confirmed_cross_scene","false"
"fq004085","vx_c4e6199e9b324948","151740136","query","p/yv1bYLdpR3CgE1vjODvoeg.jpg","0642a73491ec5504a46949b30a1602ff843e8c129acf081a27e5c3b903d53abb","all/yv1bYLdpR3CgE1vjODvoeg.jpg","not_confirmed_cross_scene","false"
"fg0188","vx_8b7a69f624e1a65f","3133052","gallery","p/QzR618gJQK-rXKLGpbNDmw.jpg","cc4519bed1c6bf9a7c5ee090ddb517566497dc31eaebd5a5c54560c9cc1cfac0","all/QzR618gJQK-rXKLGpbNDmw.jpg","not_confirmed_cross_scene","false"
"fq000861","vx_8b7a69f624e1a65f","3133052","query","p/-tHBfAIFQyG_Zlgp2d0XFA.jpg","a7dccf002da5332d140d95c81cd42d6e7682482f57aa35fd175f6a0c27739ade","all/-tHBfAIFQyG_Zlgp2d0XFA.jpg","not_confirmed_cross_scene","false"
"fg0444","vx_994e56455ec0c117","2536974","gallery","p/eiYeC_1aTtCI1mc8W6SJ-g.jpg","81953d7d371d0064d132bda3cb417ce85cb1e8034cddf9ee102e30996dc4d16c","all/eiYeC_1aTtCI1mc8W6SJ-g.jpg","not_confirmed_cross_scene","false"
"fq002046","vx_994e56455ec0c117","2536974","query","p/H6X8vY4lROSZKyNr-tVyPA.jpg","3f9512da89dd651fd3191890d7f7e3feaedb795be4a88efeb13eb3b2b0a8a629","all/H6X8vY4lROSZKyNr-tVyPA.jpg","not_confirmed_cross_scene","false"
"fq002047","vx_994e56455ec0c117","2536974","query","p/kdHsvGHVSsGnQE29Nnvzjw.jpg","dba84c08138abc5108d78cc464c332027fc660014c39945cfc988d8aa8ae7aad","all/kdHsvGHVSsGnQE29Nnvzjw.jpg","not_confirmed_cross_scene","false"
"fq002048","vx_994e56455ec0c117","2536974","query","p/krD8SLA1T8WGeKhu0Ykl-A.jpg","c7dfe04ff8ad4891fc8e1133b766ed967dd287a42b4d7f49482fbcdc1eaa4d74","all/krD8SLA1T8WGeKhu0Ykl-A.jpg","not_confirmed_cross_scene","false"
"fg0110","vx_c592b26126205203","14287945","gallery","p/4vCZywBeQA29ZF906Rr47g.jpg","7594183fc0e454edba70e854b136a3eec0e159fc4e97f2e7820cb22818b2cae2","all/4vCZywBeQA29ZF906Rr47g.jpg","not_confirmed_cross_scene","false"
"fq000535","vx_c592b26126205203","14287945","query","p/3yklwCAsToeH4c5w1DjIhA.jpg","cd1c62962d5ceabdc4e5191be7fc716372b3230f65b1bd52cc24b0fec7755088","all/3yklwCAsToeH4c5w1DjIhA.jpg","not_confirmed_cross_scene","false"
"fq000536","vx_c592b26126205203","14287945","query","p/WfJHLSosTQiM93a3TqqfSg.jpg","bd1882b690d2dd9421ffac4364008f1a37c019c0d98632a89b6843241a1cbfa2","all/WfJHLSosTQiM93a3TqqfSg.jpg","not_confirmed_cross_scene","false"
"fg0581","vx_ce65eec3df007d0e","155804937","gallery","p/S1TsKQQtThCzthYsubS7Ew.jpg","d2ad083e078b0deb58bae6cabc248ae44a6db4dd662d0c3093e47f3cc57bc5ea","all/S1TsKQQtThCzthYsubS7Ew.jpg","not_confirmed_cross_scene","false"
"fq002499","vx_ce65eec3df007d0e","155804937","query","p/UAEhVUplQuiQRIwLGYwJog.jpg","28ab8aa9cb5e6ba335dbca4358cbea2bfe1e3c48384cef5fc2f178dc8ed88e1c","all/UAEhVUplQuiQRIwLGYwJog.jpg","not_confirmed_cross_scene","false"
"fg0115","vx_3fe85769fe1c4fb2","154910354","gallery","p/6tcQF-uFS4iKV828S-tvSQ.jpg","d776e8b15b92452c98b0a34e7b9fcc535935133f911ebf01bc984d18aed70232","all/6tcQF-uFS4iKV828S-tvSQ.jpg","not_confirmed_cross_scene","false"
"fq000569","vx_3fe85769fe1c4fb2","154910354","query","p/C-O4yyLMQzK2HCxLQmH52w.jpg","8e1b25c52df209d4886c62baf96fc1d6c3af114f5f4aea2fef7417e2598a795f","all/C-O4yyLMQzK2HCxLQmH52w.jpg","not_confirmed_cross_scene","false"
"fg0876","vx_c1c248db2cfa94ff","142178807","gallery","p/7Vkdk6PAQ4y_AX4CfofEEA.jpg","153f437cb491647859570bb6e2e312d6046c37a2b08fa68252214523c1e980b2","all/7Vkdk6PAQ4y_AX4CfofEEA.jpg","not_confirmed_cross_scene","false"
"fq003815","vx_c1c248db2cfa94ff","142178807","query","p/cfFaGIycTeybM-2nwkJkag.jpg","98bb45bd713de0f5e98821093526d4b2bbaf6c663b05f4da74bc3fd30ef7ad81","all/cfFaGIycTeybM-2nwkJkag.jpg","not_confirmed_cross_scene","false"
"fq003816","vx_c1c248db2cfa94ff","142178807","query","p/f5c_51XcT_CxEkOa8iMpkA.jpg","170776f2cbc9c2a57842bc0280ad2a5237594be6536942feedc26b171919a549","all/f5c_51XcT_CxEkOa8iMpkA.jpg","not_confirmed_cross_scene","false"
"fg0969","vx_21f76e22999fde3e","159207319","gallery","p/8lVm9skLSMagAGnfjd5F0A.jpg","382bc22e4144614c5a36b6f84b15d2a583651341965c39ee805b9a18c78b4ed9","all/8lVm9skLSMagAGnfjd5F0A.jpg","not_confirmed_cross_scene","false"
"fq004180","vx_21f76e22999fde3e","159207319","query","p/Ff8958k0RAO-ejn5bwOu6g.jpg","9032b5ae6bee0f0f887d2a70f93659947cb75b79e5bed060ce6a1c07a49dcfbe","all/Ff8958k0RAO-ejn5bwOu6g.jpg","not_confirmed_cross_scene","false"
"fg0822","vx_86763de1bbf854d6","158336503","gallery","p/EDCla2uzSW2jb6e0SLXI0w.jpg","3c5274624e20432386da1781f88c7f83cb9a4738887d99d6b7f3217547e72b00","all/EDCla2uzSW2jb6e0SLXI0w.jpg","not_confirmed_cross_scene","false"
"fq003265","vx_86763de1bbf854d6","158336503","query","p/pN4ZWIW9Qp6PbjN0UZU25Q.jpg","d4e1186c976e8dadb269f39b0fe4d53fdeee2d5fec95087f35419a3da1a05a62","all/pN4ZWIW9Qp6PbjN0UZU25Q.jpg","not_confirmed_cross_scene","false"
"fg0057","vx_12b3b3af815b7c44","148787690","gallery","p/jBiiJpjPRxGj6KvV_trtEw.jpg","1faa777859f154d8553af75b1819cf87c45ad21799fb94fa39611f501cf8d659","all/jBiiJpjPRxGj6KvV_trtEw.jpg","not_confirmed_cross_scene","false"
"fq000254","vx_12b3b3af815b7c44","148787690","query","p/3saD8q8KQ1qynoP89CN5bQ.jpg","6800979551a17141efbc2008647136734d01528dd2d385508f1269f942ed62bb","all/3saD8q8KQ1qynoP89CN5bQ.jpg","not_confirmed_cross_scene","false"
"fg0473","vx_7e0e04df1affb15d","156390013","gallery","p/7AaZepnGSzSCUP2HRLSVnA.jpg","a63fe7defdf7f83f050065d33a7ea391a9aa67d75c7ab98d7128c3cf1e778f1a","all/7AaZepnGSzSCUP2HRLSVnA.jpg","not_confirmed_cross_scene","false"
"fq002147","vx_7e0e04df1affb15d","156390013","query","p/b3uqr-7KQkCa8OkVJj1CyQ.jpg","af1be0c4f94f86a7eb5384197b36f2f03e02f986664cc9f82acf1dac14770dd5","all/b3uqr-7KQkCa8OkVJj1CyQ.jpg","not_confirmed_cross_scene","false"
"fg0167","vx_1e788e51725a6561","154410412","gallery","p/hHLaDTocRiWgloP3SgMQQQ.jpg","d126c5927e7d9d2d111f51fba46be31efab201b1ba0f10de762f9302bdb6a70d","all/hHLaDTocRiWgloP3SgMQQQ.jpg","not_confirmed_cross_scene","false"
"fq000751","vx_1e788e51725a6561","154410412","query","p/K2HjFDSbRMKLUtX6vvkqnw.jpg","cf9b36da56b1e44a85ccbaa4788943524dbfc403d69800fe3b06054889270864","all/K2HjFDSbRMKLUtX6vvkqnw.jpg","not_confirmed_cross_scene","false"
"fg0940","vx_01ee7817f0997ba0","145173033","gallery","p/siAdaLoMRwaLwvrWwsqvpQ.jpg","06bc4899f2419d3357715cc3eb35f323b4cb44256ed7219409ed79dffc2f418e","all/siAdaLoMRwaLwvrWwsqvpQ.jpg","not_confirmed_cross_scene","false"
"fq004060","vx_01ee7817f0997ba0","145173033","query","p/QNweGkqbQ-aoAeFaVloYmA.jpg","f70c94bb109b46e02d6a6155f32178ed1cc5a53c798f454079d95329922f3dc1","all/QNweGkqbQ-aoAeFaVloYmA.jpg","not_confirmed_cross_scene","false"
"fq004061","vx_01ee7817f0997ba0","145173033","query","p/xyWMoMCmQ9GHfHeiRkogjQ.jpg","dcf317e65049ef677118f558e27706548f1d22675924ac89b3260d46e0c88ca6","all/xyWMoMCmQ9GHfHeiRkogjQ.jpg","not_confirmed_cross_scene","false"
"fg0669","vx_bd5019bdd268d55b","113017444","gallery","p/A20tRyIgTg2u9X0kPJRhXA.jpg","e32db41f8781bb350b318462c07958c67d098808cce0e178bad9effe3564d238","all/A20tRyIgTg2u9X0kPJRhXA.jpg","not_confirmed_cross_scene","false"
"fq002718","vx_bd5019bdd268d55b","113017444","query","p/EFm0VqqBS-aLUAb91WMQGg.jpg","2624d6679d2d8fd648c3cc9aec1b810a1188b002fa4013789749cf5872d8708e","all/EFm0VqqBS-aLUAb91WMQGg.jpg","not_confirmed_cross_scene","false"
"fq002719","vx_bd5019bdd268d55b","113017444","query","p/I2zSbugYRF6t956RbBuLlw.jpg","00c2f6cf22db16255d68d9d2c41889c616e36b3cdd776f4822a87d84f3fb26ba","all/I2zSbugYRF6t956RbBuLlw.jpg","not_confirmed_cross_scene","false"
"fq002720","vx_bd5019bdd268d55b","113017444","query","p/LHp129LjQMOQaSXSWkW1cA.jpg","c5bccdb1dc419e8cbc0ef44c8214eb27bb5f9c6cc7f52103a44970479e6ef15e","all/LHp129LjQMOQaSXSWkW1cA.jpg","not_confirmed_cross_scene","false"
"fg0159","vx_4863d71843169712","151996011","gallery","p/CDQTvudHRjaZy4xmNOuNvA.jpg","bf6d25bbab3edbd2e085a62f8042fbc78281f9b474711ce7a40ee111fba14e60","all/CDQTvudHRjaZy4xmNOuNvA.jpg","not_confirmed_cross_scene","false"
"fq000701","vx_4863d71843169712","151996011","query","p/ubhNJ9FUSg6EEUGD9cejSA.jpg","0fc3d65fc9f54bfb2acc544ba0b1504f2bd54359ab4efd2ec6b672e76b35bd6e","all/ubhNJ9FUSg6EEUGD9cejSA.jpg","not_confirmed_cross_scene","false"
"fg0400","vx_762cb25e676eecf6","157912762","gallery","p/psfYvYEiQxO-wNNTsp4tRA.jpg","466dd314847cc92a80115235e0a2a776f9765bee66a1f185f66fb74f23bc7e4b","all/psfYvYEiQxO-wNNTsp4tRA.jpg","not_confirmed_cross_scene","false"
"fq001895","vx_762cb25e676eecf6","157912762","query","p/Y3NLVtWiQGWVQo119rfmgg.jpg","11a580a5dfe85fe15b77758e418e08c533c14017787c646e752579931fdf8078","all/Y3NLVtWiQGWVQo119rfmgg.jpg","not_confirmed_cross_scene","false"
"fg0024","vx_c263d2029971d40e","150839211","gallery","p/eLb697ltRuS0MGkB6uZlLQ.jpg","ad89db886e4395c631c0a2f2fb34d4b61870a33267d17c1fa27b071e7fe5d6c8","all/eLb697ltRuS0MGkB6uZlLQ.jpg","not_confirmed_cross_scene","false"
"fq000065","vx_c263d2029971d40e","150839211","query","p/0gqro3KjSAKpmXv1B-n7xg.jpg","1bf7614aae2bc3af6bb8af0cff553f962cc145d8f1a111c5bff0008d6ec0fca1","all/0gqro3KjSAKpmXv1B-n7xg.jpg","not_confirmed_cross_scene","false"
"fq000066","vx_c263d2029971d40e","150839211","query","p/d8u3tytRSK2O4bXEH4DJ8Q.jpg","6c00e970d0b32f432460ab6a799c791e30e4644ed1a484ea36938269f068ddb8","all/d8u3tytRSK2O4bXEH4DJ8Q.jpg","not_confirmed_cross_scene","false"
"fg0089","vx_352c9a6f701b6bcd","100395819","gallery","p/wHl3OQmaRZ2cbA-hand3Kw.jpg","00edc7c75895202c0387fe17c8506eca3df46a8075cef59a9ef1522a37a3a9f1","all/wHl3OQmaRZ2cbA-hand3Kw.jpg","not_confirmed_cross_scene","false"
"fq000443","vx_352c9a6f701b6bcd","100395819","query","p/2zlpFAQlSuy0S38RyXxAkQ.jpg","217aff9e7287c4c7c1fd87cb9c8b0662345a7d71dd0429a39fdbe3cb808bab88","all/2zlpFAQlSuy0S38RyXxAkQ.jpg","not_confirmed_cross_scene","false"
"fq000444","vx_352c9a6f701b6bcd","100395819","query","p/801IB9nqTCeNuoWB9QBvkg.jpg","326fb67a34e66e1bc2361f750ecbc42f740cd5811f8e38b71122db00871ddd84","all/801IB9nqTCeNuoWB9QBvkg.jpg","not_confirmed_cross_scene","false"
"fq000445","vx_352c9a6f701b6bcd","100395819","query","p/85WP3T2IS1uuPRhkegglFw.jpg","d796f8911005777c3f951c5bd17538a9764c265d89e14cc222d592141bda86cb","all/85WP3T2IS1uuPRhkegglFw.jpg","not_confirmed_cross_scene","false"
"fq000446","vx_352c9a6f701b6bcd","100395819","query","p/VmFFSYmBSSyt4Z-sXq-2Dw.jpg","615c9136c480aab7d30293dc33ea548d8e6d3f63022ce7c7d0885ed0b43e03bf","all/VmFFSYmBSSyt4Z-sXq-2Dw.jpg","not_confirmed_cross_scene","false"
"fq000447","vx_352c9a6f701b6bcd","100395819","query","p/XFOTTYGJSH6wWM2cX77SXw.jpg","4fe22e5af43b05780f54beaca4f74d03781244b7fcdd65f4d7e36383c2d81830","all/XFOTTYGJSH6wWM2cX77SXw.jpg","not_confirmed_cross_scene","false"
"fq000448","vx_352c9a6f701b6bcd","100395819","query","p/kKki7d69S6mVMkTlPAQD0A.jpg","f34016774ecd8e8a1fe59646b4b7c229a95fe7c5421cd9dc66de83a96aeee763","all/kKki7d69S6mVMkTlPAQD0A.jpg","not_confirmed_cross_scene","false"
"fg0599","vx_807e4756b8037c20","1977072","gallery","p/2CdpFHvPRdmY7vywKdzNEg.jpg","78f703a0d0731044926115410832424800dc5c896ff7d0c93e39b4ffeb5436a4","all/2CdpFHvPRdmY7vywKdzNEg.jpg","not_confirmed_cross_scene","false"
"fq002539","vx_807e4756b8037c20","1977072","query","p/TimMBRV-S4STyPxRwEGxtQ.jpg","ecdf5744e3b92907c59dedf3a3fd33aedb892e3e690996bee73da1e8a82c2b8d","all/TimMBRV-S4STyPxRwEGxtQ.jpg","not_confirmed_cross_scene","false"
"fg0344","vx_002e6e5e7d1d6910","158228316","gallery","p/2a_FZHR8TYWFXPuAT3oUtA.jpg","fa354b518c39af4ac7b20f811f0cf5640149f08218315a5bbb3bf552d28a0fee","all/2a_FZHR8TYWFXPuAT3oUtA.jpg","not_confirmed_cross_scene","false"
"fq001658","vx_002e6e5e7d1d6910","158228316","query","p/-RD60RbLQYmoAfNxp2UdqA.jpg","1cf214de23b72d5abf67222776cc5b2a4735511486dc4627829f0c581ff11c85","all/-RD60RbLQYmoAfNxp2UdqA.jpg","not_confirmed_cross_scene","false"
"fq001659","vx_002e6e5e7d1d6910","158228316","query","p/AcqIQ0PyQUWL1m5Ft7-oKg.jpg","07bcd7cd5d4605520be76151d9983204b7dcd450e132e0aa0ed47d6b4ef1f797","all/AcqIQ0PyQUWL1m5Ft7-oKg.jpg","not_confirmed_cross_scene","false"
"fq001660","vx_002e6e5e7d1d6910","158228316","query","p/Q7jdoP3iR1aQISeBA92oFA.jpg","2df17ba2b7becee30aea3784225c735e66402840a3d964b1e163d7d91a93f306","all/Q7jdoP3iR1aQISeBA92oFA.jpg","not_confirmed_cross_scene","false"
"fq001661","vx_002e6e5e7d1d6910","158228316","query","p/SCifnRxUT-uZ-xWwZHOTgA.jpg","5fc8b0bb46f24b2f9cda437d5aca9b7f1614c5068bb8895fed7fb41369c98f1a","all/SCifnRxUT-uZ-xWwZHOTgA.jpg","not_confirmed_cross_scene","false"
"fq001662","vx_002e6e5e7d1d6910","158228316","query","p/q_fhKby2QQWLeqYJEkmJJA.jpg","7c8c0bbaedcc9919d5a1adef20eb7a34e2d7b445a5e45031f6d6ba4ffa2b649a","all/q_fhKby2QQWLeqYJEkmJJA.jpg","not_confirmed_cross_scene","false"
"fg0732","vx_e5eb5bc973b9e08a","27332571","gallery","p/fiMZ1e9eQfazXNiMYD7rmw.jpg","e792f6fddabe6e0fd19e8dd2042e72e81932684fb4dd2271243124320364887b","all/fiMZ1e9eQfazXNiMYD7rmw.jpg","not_confirmed_cross_scene","false"
"fq002973","vx_e5eb5bc973b9e08a","27332571","query","p/mpPzMqdAT7qh6qnmsZkQQw.jpg","e5a8fe447ce8f34694f32e00155639af221483a6ddf22f2ade28c3b7070857c4","all/mpPzMqdAT7qh6qnmsZkQQw.jpg","not_confirmed_cross_scene","false"
"fg0711","vx_454df86479b778fe","152933201","gallery","p/H0R3gTJWRU2l22aj4fVusA.jpg","d57775cd4923f92e186ce36b9f9fe96b4150e3e55f2f409e90db3192def9bc80","all/H0R3gTJWRU2l22aj4fVusA.jpg","not_confirmed_cross_scene","false"
"fq002847","vx_454df86479b778fe","152933201","query","p/Ci0nuveRRKm1mqgGZbnvUw.jpg","5e68fc6b2422a0707340d608af486f63a745dddc37ac5dd21fb93b20e45ba40b","all/Ci0nuveRRKm1mqgGZbnvUw.jpg","not_confirmed_cross_scene","false"
"fq002848","vx_454df86479b778fe","152933201","query","p/E-GEr0IYT4eyl18S9gc6nw.jpg","259289741c2f1ab27cf0b022d46532a2c26358341d953e0bb15d82f65949c115","all/E-GEr0IYT4eyl18S9gc6nw.jpg","not_confirmed_cross_scene","false"
"fq002849","vx_454df86479b778fe","152933201","query","p/Hzno8_qlQO-M0vCDKAoT2Q.jpg","17cb9342a1092b41a6215d55a8985061cf268c8296917a3b925ad27a61d8206f","all/Hzno8_qlQO-M0vCDKAoT2Q.jpg","not_confirmed_cross_scene","false"
"fq002850","vx_454df86479b778fe","152933201","query","p/NGY2sHJDQRGMxk6QIDPumA.jpg","960f3e1186ca7e98fdb703d306ce4528657923f33c1b914e9964b667b8c51579","all/NGY2sHJDQRGMxk6QIDPumA.jpg","not_confirmed_cross_scene","false"
"fq002851","vx_454df86479b778fe","152933201","query","p/TB75I2sjTOOkbs2BcW284Q.jpg","c2446700a3b4f43e73405154e5bce0fecd63264f28ecdd05a8305fe9da713908","all/TB75I2sjTOOkbs2BcW284Q.jpg","not_confirmed_cross_scene","false"
"fq002852","vx_454df86479b778fe","152933201","query","p/UIKLU1nVSTym55X-K9AZ2Q.jpg","d5b9a261cf2b3dcbf1bc553682b2bcabec57c9cd714ae6aac100e8d8ddf2a58b","all/UIKLU1nVSTym55X-K9AZ2Q.jpg","not_confirmed_cross_scene","false"
"fq002853","vx_454df86479b778fe","152933201","query","p/chI3qaxjSRKlfQ0B8n4EzQ.jpg","750eae42c56ec52fba1174fecdc5ffc21a3479475fe6dc4b09d5cb8ab2673ce3","all/chI3qaxjSRKlfQ0B8n4EzQ.jpg","not_confirmed_cross_scene","false"
"fq002854","vx_454df86479b778fe","152933201","query","p/fA8g6WOrS96iEUNtCHqdVw.jpg","f1b56f588d4e443e0409fbda19f3bf16432eeb538323a9ccfa5d552ff77cd365","all/fA8g6WOrS96iEUNtCHqdVw.jpg","not_confirmed_cross_scene","false"
"fq002855","vx_454df86479b778fe","152933201","query","p/wVvW6z6NRCuMQ1euviPxog.jpg","a74fec30f2e66ac052002023075566c64a167c7b9a3cfb3a2edac13d66c27cd2","all/wVvW6z6NRCuMQ1euviPxog.jpg","not_confirmed_cross_scene","false"
"fg0446","vx_050df1ef52f29c87","4732895","gallery","p/0nbzXLrMRnG-2j8I2Ll9rA.jpg","d575793e4aabe2f185804a9d33aa8d7e2a89eb0ef06ab75275a3bacd88bc4514","all/0nbzXLrMRnG-2j8I2Ll9rA.jpg","not_confirmed_cross_scene","false"
"fq002050","vx_050df1ef52f29c87","4732895","query","p/C1LKZLr8SL-X46_Y1iL32Q.jpg","c00acb32ba67263281bcc4f75695f11b69b16eea89aa83e0f92de19c88f2d1a7","all/C1LKZLr8SL-X46_Y1iL32Q.jpg","not_confirmed_cross_scene","false"
"fg0359","vx_288a234a0d7022d6","141977013","gallery","p/qcgbS2bwTOKmupRSD4Qajg.jpg","a9a89c23a615791a812a77cdc35eb673639b91235bea20ad280265b377ae984c","all/qcgbS2bwTOKmupRSD4Qajg.jpg","not_confirmed_cross_scene","false"
"fq001757","vx_288a234a0d7022d6","141977013","query","p/ahV8U92lQnqNrR_jfDxQwQ.jpg","655d2e2627723b6bd1a2095aea5f3d2696da69333f17f38bbecc9af17237d9f4","all/ahV8U92lQnqNrR_jfDxQwQ.jpg","not_confirmed_cross_scene","false"
"fg0672","vx_f2b27beae3e07649","158775210","gallery","p/heAdTqPoSY2lDhDbRPgarA.jpg","80090bc40e807a2e9606df11c5189d5a341536f2461fc37e681f6b4f692e7032","all/heAdTqPoSY2lDhDbRPgarA.jpg","not_confirmed_cross_scene","false"
"fq002723","vx_f2b27beae3e07649","158775210","query","p/48YPMCopQUuy1fZcuM1zTQ.jpg","41315900e4e2a2b0a4d0939068a835e84049586e4ef7d6811bb0784463410e37","all/48YPMCopQUuy1fZcuM1zTQ.jpg","not_confirmed_cross_scene","false"
"fq002724","vx_f2b27beae3e07649","158775210","query","p/O3PtYDLEQCq50ree1U7fvw.jpg","05d6805d2c9a3f3df7df2cc7cc3fc1024e1e66cc818b5076b239aa2c1df2ab0b","all/O3PtYDLEQCq50ree1U7fvw.jpg","not_confirmed_cross_scene","false"
"fq002725","vx_f2b27beae3e07649","158775210","query","p/c8iZGdTpSk6HpjcuoefjNg.jpg","ca9afa06de77f5c26ab4d40c85ba4e7dbc834f1e6b36638bdaccd939953d4cff","all/c8iZGdTpSk6HpjcuoefjNg.jpg","not_confirmed_cross_scene","false"
"fg0907","vx_0416a2375de6999c","143651921","gallery","p/hNgnuoFFRouVotNAycFfZg.jpg","c8939816078f9d446501f247f5f656336a805e2b20b9f2eab228577d73c5960c","all/hNgnuoFFRouVotNAycFfZg.jpg","not_confirmed_cross_scene","false"
"fq003923","vx_0416a2375de6999c","143651921","query","p/Z-vyAmi1QoKXsL3GZraPkA.jpg","07b36290d2e71c1c3996e580001ff119bd9e94a2c4805928e378f41cce571387","all/Z-vyAmi1QoKXsL3GZraPkA.jpg","not_confirmed_cross_scene","false"
"fq003924","vx_0416a2375de6999c","143651921","query","p/iwuD9I7fREyqg1-GnP11GQ.jpg","90fe1154411851f5babba75f1e3bdc23e9051053eedfc0f96a1aa51204989bb1","all/iwuD9I7fREyqg1-GnP11GQ.jpg","not_confirmed_cross_scene","false"
"fq003925","vx_0416a2375de6999c","143651921","query","p/vaIc4wr0R0W_3XC9tEz_mA.jpg","6211aa461fc43c34f544bcf96f4847f1354312d11e16a96a289e6eefb3549d8b","all/vaIc4wr0R0W_3XC9tEz_mA.jpg","not_confirmed_cross_scene","false"
"fg0133","vx_e3405a4986814a79","5059544","gallery","p/VmzZ5t0VRSSsP9WLctU6gA.jpg","d6baf0ff87c5fb283a0d4bbc388c5329f65a4fe24b055b5d764d4063270a41cd","all/VmzZ5t0VRSSsP9WLctU6gA.jpg","not_confirmed_cross_scene","false"
"fq000615","vx_e3405a4986814a79","5059544","query","p/SWD5M7wFSN-1mZXV6QSSBQ.jpg","6e6962fa2f8bfc5dd161d8b45f215a039d4ad87716bf0a3181f1ac92d9258069","all/SWD5M7wFSN-1mZXV6QSSBQ.jpg","not_confirmed_cross_scene","false"
"fg0439","vx_ed7c273f1b02ed33","117520327","gallery","p/_1-OvUoISYeXqCTXiDKGsw.jpg","af9e4310a495aa2aeefa0ae21fbbb52a54edb4f8b3e47639e20e982dc94b8f61","all/_1-OvUoISYeXqCTXiDKGsw.jpg","not_confirmed_cross_scene","false"
"fq002021","vx_ed7c273f1b02ed33","117520327","query","p/9cl52aoUTluKN50RtLVvaw.jpg","61f6b25eb5d33aa3b69ba11098ed38bc2e78f9d3822d0e99d21288edb8ff124b","all/9cl52aoUTluKN50RtLVvaw.jpg","not_confirmed_cross_scene","false"
"fq002022","vx_ed7c273f1b02ed33","117520327","query","p/IeYS9Zj8QWaHqQtdfgizKw.jpg","564997e9dae2d04d212ecafb3c1ecd6341b2609f37f8e5a8bca9e1926fdac49a","all/IeYS9Zj8QWaHqQtdfgizKw.jpg","not_confirmed_cross_scene","false"
"fq002023","vx_ed7c273f1b02ed33","117520327","query","p/P4XREx2hTIGVzPKlFDkueQ.jpg","ee41c9c0451aa6a39410001f6cacc992be40c13e6b8ab56ed3d5a8699cac818b","all/P4XREx2hTIGVzPKlFDkueQ.jpg","not_confirmed_cross_scene","false"
"fq002024","vx_ed7c273f1b02ed33","117520327","query","p/g9yhWtovSUW_sqoGNgNDqg.jpg","76509e7f4d3058ccf27dae8376e5319f4cb84c3fca0932c49bf51a47f395ee19","all/g9yhWtovSUW_sqoGNgNDqg.jpg","not_confirmed_cross_scene","false"
"fg0257","vx_152d62abb88d9a5b","15297892","gallery","p/udoTrOWPQVy2AIozpGXI6Q.jpg","41070b040b9da1e681820dbe0fde5e6c932d8425bade7b81791a522654580365","all/udoTrOWPQVy2AIozpGXI6Q.jpg","not_confirmed_cross_scene","false"
"fq001227","vx_152d62abb88d9a5b","15297892","query","p/akPgJ4zaQBCQQq9z-Is8Ig.jpg","59b2b267bf656773aae1ebef2b727170f0342d724d10ece0a551e7fc81a2905b","all/akPgJ4zaQBCQQq9z-Is8Ig.jpg","not_confirmed_cross_scene","false"
"fq001228","vx_152d62abb88d9a5b","15297892","query","p/jfNVLuzIQtewao7P4I8cOw.jpg","6cf2131625b62f15c333e574df08e9f68dec9607a949f9dd03e867722c50eda9","all/jfNVLuzIQtewao7P4I8cOw.jpg","not_confirmed_cross_scene","false"
"fg0454","vx_33a5960d124b06f3","159819603","gallery","p/cEOk0IwYR-udUF1xj2Bf9A.jpg","4af25059a80bcde6d8be586a88bb7e87ba1677356e60198f25adc08378410870","all/cEOk0IwYR-udUF1xj2Bf9A.jpg","not_confirmed_cross_scene","false"
"fq002062","vx_33a5960d124b06f3","159819603","query","p/b3toC_GMRKOGX8B5N9etDA.jpg","7f09a6456d2409bdc9c7e8268756d9c2aa0a85dd7376cc564b0fb344a2965615","all/b3toC_GMRKOGX8B5N9etDA.jpg","not_confirmed_cross_scene","false"
"fq002063","vx_33a5960d124b06f3","159819603","query","p/rQh2Z09tTqWMlcR0NjL4WA.jpg","4e10ea6b19787ad62d7604f4095e2f4392db92d128cf37db107d99d3a3aaed69","all/rQh2Z09tTqWMlcR0NjL4WA.jpg","not_confirmed_cross_scene","false"
"fg0515","vx_fc9a45743054f786","98611695","gallery","p/v8zDe91eRAyZsh6FJ9EA-w.jpg","47a5e64f0b41464d7bc80aa8222d8484dbd653c5d95d7772fbceef1649c6af63","all/v8zDe91eRAyZsh6FJ9EA-w.jpg","not_confirmed_cross_scene","false"
"fq002312","vx_fc9a45743054f786","98611695","query","p/4zUd4jy8R0GbeIxl9irc9A.jpg","5d501d56a4fbf7fbbf47ad76cc8aafca4a502b457f90c66dafb0c528ae02a036","all/4zUd4jy8R0GbeIxl9irc9A.jpg","not_confirmed_cross_scene","false"
"fq002313","vx_fc9a45743054f786","98611695","query","p/DzPUHRTeQ8qljGNI3NUVJw.jpg","06d7ead111ac1da591ae01e19dc75a387353d18b48c345a7f0783f1702ba3e2f","all/DzPUHRTeQ8qljGNI3NUVJw.jpg","not_confirmed_cross_scene","false"
"fq002314","vx_fc9a45743054f786","98611695","query","p/GNQ7X1hoQnOFdGe-Z7hzcg.jpg","6b3d066854018983d56da051104f3636211c5f15960161065c006adad0cffc67","all/GNQ7X1hoQnOFdGe-Z7hzcg.jpg","not_confirmed_cross_scene","false"
"fq002315","vx_fc9a45743054f786","98611695","query","p/IKJ4Q8eERPCCQrcylp_r9Q.jpg","d262a65dec79305debfbc0c044592f145b62b716b22340972fa9b23e05cd05d9","all/IKJ4Q8eERPCCQrcylp_r9Q.jpg","not_confirmed_cross_scene","false"
"fq002316","vx_fc9a45743054f786","98611695","query","p/LytIHf-cT-6r3IPPSBZjYQ.jpg","fdad9edf4845f771868529b7900b477e8ca5ad8606c934c55247c3be8b1b6da5","all/LytIHf-cT-6r3IPPSBZjYQ.jpg","not_confirmed_cross_scene","false"
"fq002317","vx_fc9a45743054f786","98611695","query","p/MJPj3dK1QIG1T4Gew0EVOg.jpg","752f0986e5e8ca182a1f5ebbd4f751be5ff8503324428d7668f24d83b3c7ff04","all/MJPj3dK1QIG1T4Gew0EVOg.jpg","not_confirmed_cross_scene","false"
"fq002318","vx_fc9a45743054f786","98611695","query","p/RtjaHuwMSFO89OEmFSB7hw.jpg","6a472e96d42b04b433dd0979c74c7e14c7f6285c7655b6f53ef536ab4d3e5090","all/RtjaHuwMSFO89OEmFSB7hw.jpg","not_confirmed_cross_scene","false"
"fq002319","vx_fc9a45743054f786","98611695","query","p/Tsnz6wJZT4uWxUC_l-xMhA.jpg","52bc5301671426e225527141421fba3f43d47a878a1f7cc398be8052ffcb615c","all/Tsnz6wJZT4uWxUC_l-xMhA.jpg","not_confirmed_cross_scene","false"
"fq002320","vx_fc9a45743054f786","98611695","query","p/UFFWcaYxSaegLpS4C-yg1A.jpg","2d47657cce1326bd37be91e1850d9de3020450077840c6b8efe5115e53b44f5b","all/UFFWcaYxSaegLpS4C-yg1A.jpg","not_confirmed_cross_scene","false"
"fq002321","vx_fc9a45743054f786","98611695","query","p/Un6emeoNSNSCKuop-54RlA.jpg","68ed79398227aa64d537390b3de0ae161188a2875941b51cd3ff8b4551c9cb9f","all/Un6emeoNSNSCKuop-54RlA.jpg","not_confirmed_cross_scene","false"
"fq002322","vx_fc9a45743054f786","98611695","query","p/UvUefILFTluYyiN46AQfnw.jpg","2624e819f4fca728eac584896ec42d367e6ea9421e46324ffead08ec9b08dd15","all/UvUefILFTluYyiN46AQfnw.jpg","not_confirmed_cross_scene","false"
"fq002323","vx_fc9a45743054f786","98611695","query","p/X5C9HAjrSfezHlft0oE8qQ.jpg","0513796dc34e199e6fb4d19db99f3edb11c9402b7f68ad12e5d6450348673c4e","all/X5C9HAjrSfezHlft0oE8qQ.jpg","not_confirmed_cross_scene","false"
"fq002324","vx_fc9a45743054f786","98611695","query","p/XRvE6X01S8mKx7C2CN0Yjg.jpg","7e47848de0c851f66fd95e2bd39a4d6fe94c02c6daa8852c297b725a6a10d8ab","all/XRvE6X01S8mKx7C2CN0Yjg.jpg","not_confirmed_cross_scene","false"
"fq002325","vx_fc9a45743054f786","98611695","query","p/cyiEvy5AQ3ShYU2WLHKB2A.jpg","a0e773476a440f6342d578c49a4f8ef3a7fefe08ce85d8814356b47461b7c106","all/cyiEvy5AQ3ShYU2WLHKB2A.jpg","not_confirmed_cross_scene","false"
"fq002326","vx_fc9a45743054f786","98611695","query","p/kpBEAEp6TxaHQLN_2vCcLQ.jpg","8390c4c77c7e11a799ecf8f8bb50f90b3b3eea391c543118c4ebc3c6cd222467","all/kpBEAEp6TxaHQLN_2vCcLQ.jpg","not_confirmed_cross_scene","false"
"fq002327","vx_fc9a45743054f786","98611695","query","p/tKCtG_iURRSuCxIW8gVJLg.jpg","9f40ec4af7f530596eba3da4702212c858f4fa92b3bf31bf02171fe7e4cfadcf","all/tKCtG_iURRSuCxIW8gVJLg.jpg","not_confirmed_cross_scene","false"
"fg0371","vx_81153d8f63571b2d","159618797","gallery","p/A-6nl5FLRv6bK6Ap4YfnPw.jpg","299c20b57dda879a4327eec1f5b063a9fe1ff4ca4ea1a07ceadd897750ea6252","all/A-6nl5FLRv6bK6Ap4YfnPw.jpg","not_confirmed_cross_scene","false"
"fq001787","vx_81153d8f63571b2d","159618797","query","p/jOJD9UYqTFOu5I5Cxauuhg.jpg","bf4bec8b480f1e7ae9ac501709b4e31e403bd02a262c971b62dcdf02972398c8","all/jOJD9UYqTFOu5I5Cxauuhg.jpg","not_confirmed_cross_scene","false"
"fg0356","vx_8181013898e9cb4b","3587682","gallery","p/vqYySj-4Qo6ZBrQvwupd8g.jpg","de8c62c539df367ced5fd8d8b84f5b10e9a5fddd5825d0820052267cedc005f8","all/vqYySj-4Qo6ZBrQvwupd8g.jpg","not_confirmed_cross_scene","false"
"fq001750","vx_8181013898e9cb4b","3587682","query","p/TZ_TcfKlSMCOOPZ4qm_1oA.jpg","01ffafafd0a2ec1a1ce758f142d6b92364fb1c61f26917662acea6f3ae80a3ad","all/TZ_TcfKlSMCOOPZ4qm_1oA.jpg","not_confirmed_cross_scene","false"
"fg0232","vx_0f52acd0679150cc","156153660","gallery","p/NSe6YTX8Sq-z_0fCq2antg.jpg","e63e50fd10d04c0830712ff7a4ee29449b7b86a81b11c1c6712eb9e88c5121d7","all/NSe6YTX8Sq-z_0fCq2antg.jpg","not_confirmed_cross_scene","false"
"fq001128","vx_0f52acd0679150cc","156153660","query","p/0C1A_IpmRDapANT8HRqgxw.jpg","952a788da18563b6dd11d22b5ffbd12c362ec16c2c830b929336fe2a3ca3ef38","all/0C1A_IpmRDapANT8HRqgxw.jpg","not_confirmed_cross_scene","false"
"fq001129","vx_0f52acd0679150cc","156153660","query","p/6nAx9gWJQjGNNYlyYGKDgA.jpg","74f5603d9fc6331301ae4c56a3af187c29a15dc6187bfd66a5e3c2effb080fca","all/6nAx9gWJQjGNNYlyYGKDgA.jpg","not_confirmed_cross_scene","false"
"fq001130","vx_0f52acd0679150cc","156153660","query","p/Af4PqiiXQI2WNn9emmElqQ.jpg","672622b41cd1114a5f26872c054094280a158f8e5490538a32deda0fbddd935d","all/Af4PqiiXQI2WNn9emmElqQ.jpg","not_confirmed_cross_scene","false"
"fq001131","vx_0f52acd0679150cc","156153660","query","p/CQVtHzcfSK2-xLP6LDrHtA.jpg","9544e8487dde7f42f5424e2276973c3f00aec876f01fa840642345258b061e9a","all/CQVtHzcfSK2-xLP6LDrHtA.jpg","not_confirmed_cross_scene","false"
"fq001132","vx_0f52acd0679150cc","156153660","query","p/CSOPIUMHQxCISAZ8N01sQw.jpg","4c0b76d197520cd8bf48847d0ad3865c8a8b87a22550476158df6f3b2ed505f6","all/CSOPIUMHQxCISAZ8N01sQw.jpg","not_confirmed_cross_scene","false"
"fq001133","vx_0f52acd0679150cc","156153660","query","p/CZmEJNxDQ-GU7gRIk4x1Lw.jpg","02ec6ed375ecb0de842781f2bd69ff4f681cf5247c9116220ec63e134c4d4a22","all/CZmEJNxDQ-GU7gRIk4x1Lw.jpg","not_confirmed_cross_scene","false"
"fq001134","vx_0f52acd0679150cc","156153660","query","p/Gbk9lCodTXOyr6RUlxrIZQ.jpg","10106fd3cc7260145d9095049c2150079ad1e1f6711acc97e867ca6356bd7190","all/Gbk9lCodTXOyr6RUlxrIZQ.jpg","not_confirmed_cross_scene","false"
"fq001135","vx_0f52acd0679150cc","156153660","query","p/HWLnNMqRSeek_mFDWBJ3wg.jpg","f2fe5bdb4b843320d838f6afa8bba7b1a284dd5077592cde50bdf16d66bfa39b","all/HWLnNMqRSeek_mFDWBJ3wg.jpg","not_confirmed_cross_scene","false"
"fq001136","vx_0f52acd0679150cc","156153660","query","p/J1akQfZ-TKSFwZSc1F2wIg.jpg","d23461a18bdc9acf3e267b8c846c24d1afbc484196bf64c0d0e8cd6ff0dfbf6f","all/J1akQfZ-TKSFwZSc1F2wIg.jpg","not_confirmed_cross_scene","false"
"fq001137","vx_0f52acd0679150cc","156153660","query","p/JZwnFwOxRwG8enGB1xWZVg.jpg","4905e8ede82bd2caedd35e46be0ce6e71360a7cd364586fa7596de9df528aa92","all/JZwnFwOxRwG8enGB1xWZVg.jpg","not_confirmed_cross_scene","false"
"fq001138","vx_0f52acd0679150cc","156153660","query","p/Jn_7ocEbTlujUMjqFus4sQ.jpg","7b28a748613b0cf9b21f4740d3547f7aed8adb200153fe1d25fe7e33e175a462","all/Jn_7ocEbTlujUMjqFus4sQ.jpg","not_confirmed_cross_scene","false"
"fq001139","vx_0f52acd0679150cc","156153660","query","p/LRDwvs_cTcO-4S5veGwExQ.jpg","ac6eec464e3b94d82904afda399ee9866e4b2443ec44de1f492005a18793548d","all/LRDwvs_cTcO-4S5veGwExQ.jpg","not_confirmed_cross_scene","false"
"fq001140","vx_0f52acd0679150cc","156153660","query","p/Lx5BUZyJS2qUV18EkfLRNA.jpg","51f5391f8d1d0bcea1802b2b3903986d570fd240db79011e2974e2c8d76f1a89","all/Lx5BUZyJS2qUV18EkfLRNA.jpg","not_confirmed_cross_scene","false"
"fq001141","vx_0f52acd0679150cc","156153660","query","p/OBcywacIRri1G5bJh4Ob4A.jpg","bb3ca4c8197c0d26cbe2014f8da039c1bee534c23d22343f493d1a7259a4cafd","all/OBcywacIRri1G5bJh4Ob4A.jpg","not_confirmed_cross_scene","false"
"fq001142","vx_0f52acd0679150cc","156153660","query","p/P3XVWbsZTca7GIZuXvw8tA.jpg","c2a3cf7d6e93711632af9f898acc375a7519ce5405a05e629fda1d4143c8b3cd","all/P3XVWbsZTca7GIZuXvw8tA.jpg","not_confirmed_cross_scene","false"
"fq001143","vx_0f52acd0679150cc","156153660","query","p/Po7--nTPRniQDnSyEPaf5Q.jpg","3e7d904e279ebeda4887b76494874ce2964a58a0e6f66d373e08a8a04be16955","all/Po7--nTPRniQDnSyEPaf5Q.jpg","not_confirmed_cross_scene","false"
"fq001144","vx_0f52acd0679150cc","156153660","query","p/QLtYfuRLStaXsoP-Fe8QdQ.jpg","40307b25c1e29e488e0b4aefa796097578fb71ef61116886f4d4b02c172bddf5","all/QLtYfuRLStaXsoP-Fe8QdQ.jpg","not_confirmed_cross_scene","false"
"fq001145","vx_0f52acd0679150cc","156153660","query","p/TrWcgZ8gSameefAU8pwAKA.jpg","55fdce0d5758c062b3e505fd8f66baec991f65b329d4d82456bac891f5047dcf","all/TrWcgZ8gSameefAU8pwAKA.jpg","not_confirmed_cross_scene","false"
"fq001146","vx_0f52acd0679150cc","156153660","query","p/XxTkFLqISsqCKjwJWHdmGw.jpg","70c2ac78d7e9fb0de1096ded5ff07dafa8f7a8d2ad7f91404ff1242357496101","all/XxTkFLqISsqCKjwJWHdmGw.jpg","not_confirmed_cross_scene","false"
"fq001147","vx_0f52acd0679150cc","156153660","query","p/dX7mj-pIRYunAYeLp_6SIg.jpg","3993c672ddfffad43b5d6e1995c0d621a88d899a6a59ed9094b4aec67a044933","all/dX7mj-pIRYunAYeLp_6SIg.jpg","not_confirmed_cross_scene","false"
"fq001148","vx_0f52acd0679150cc","156153660","query","p/eDhpmyBbQrumUsh3BO7OdA.jpg","e783c4b5165cd7d386034b95afa70f9b7360b16c97d43f6ea4834b50a24f0715","all/eDhpmyBbQrumUsh3BO7OdA.jpg","not_confirmed_cross_scene","false"
"fq001149","vx_0f52acd0679150cc","156153660","query","p/gVa5-tjbRYy5ZmoY_Y2Zlg.jpg","23fa3ddf5fe66470ab97b76f57527847d872820ddc1b07234b5d888e4e8a0cd7","all/gVa5-tjbRYy5ZmoY_Y2Zlg.jpg","not_confirmed_cross_scene","false"
"fq001150","vx_0f52acd0679150cc","156153660","query","p/i9ICd1fkQYGylmuOwnG8gg.jpg","152121201a2013ae29067c18580b33b873383fd9acaf66e5b768832d74040ab8","all/i9ICd1fkQYGylmuOwnG8gg.jpg","not_confirmed_cross_scene","false"
"fq001151","vx_0f52acd0679150cc","156153660","query","p/kjkTz7zfSjKOn6g7cqFhuw.jpg","d5a6222eff110f2e972047da343d7e4ecf724e5759b7c30e188de651ec3ea4e1","all/kjkTz7zfSjKOn6g7cqFhuw.jpg","not_confirmed_cross_scene","false"
"fq001152","vx_0f52acd0679150cc","156153660","query","p/l6iEr4yqTlCdh8KTfZiFQg.jpg","7de9765208fded756ed1421576b91dd6a715fe1a582ddb1d063eb04a7b34efb2","all/l6iEr4yqTlCdh8KTfZiFQg.jpg","not_confirmed_cross_scene","false"
"fq001153","vx_0f52acd0679150cc","156153660","query","p/mpUEHKS0TKywolMn3X3jMA.jpg","ba23ad8da229a17be75c97d64a1631a016945c6e3e469858ae1811279210404d","all/mpUEHKS0TKywolMn3X3jMA.jpg","not_confirmed_cross_scene","false"
"fq001154","vx_0f52acd0679150cc","156153660","query","p/nUo2ub81Sd2fnNpRrWNmwg.jpg","74ff22acf479c2aeab69d162cefbabeb9eeedf1f70ad5042da8858f89c252af2","all/nUo2ub81Sd2fnNpRrWNmwg.jpg","not_confirmed_cross_scene","false"
"fq001155","vx_0f52acd0679150cc","156153660","query","p/oSVDbXo9SB-p972u4pS7TQ.jpg","6d7cd0b894cf340002d798f65911e385ac0059824fd6cdcbff0f7eeba99db280","all/oSVDbXo9SB-p972u4pS7TQ.jpg","not_confirmed_cross_scene","false"
"fq001156","vx_0f52acd0679150cc","156153660","query","p/rP_47QBNTkq97e5hIP8xUQ.jpg","00ad14eaea39e9273b0afa9dd5b41a5ff5cb9df39968c87e0435d718fb03014d","all/rP_47QBNTkq97e5hIP8xUQ.jpg","not_confirmed_cross_scene","false"
"fq001157","vx_0f52acd0679150cc","156153660","query","p/ser0HXxNRyKWUXXcZWU2NA.jpg","3fefa7f7f9609e0516fd9e40524df7ff733cb892e301ed636aef2d8825483fbd","all/ser0HXxNRyKWUXXcZWU2NA.jpg","not_confirmed_cross_scene","false"
"fq001158","vx_0f52acd0679150cc","156153660","query","p/st50E3wVSnWxEWtm7VAX9g.jpg","0ab9866e32e15e5c6cd330210e5c7bdc2e18129f32384bced84b9a1be93ee9f5","all/st50E3wVSnWxEWtm7VAX9g.jpg","not_confirmed_cross_scene","false"
"fq001159","vx_0f52acd0679150cc","156153660","query","p/uPyvyHCoRmizH-Nsnqxdkw.jpg","f2a653b89fec406a19e2d6efe86197666733596556ab0b2cb5d8d858b2c60772","all/uPyvyHCoRmizH-Nsnqxdkw.jpg","not_confirmed_cross_scene","false"
"fq001160","vx_0f52acd0679150cc","156153660","query","p/vEBnc3lmR-i8bJWPC2ZBXA.jpg","0bde2449bcf4910b85a42379d5b3d410f30ba5698974d031d4adfa90c6854325","all/vEBnc3lmR-i8bJWPC2ZBXA.jpg","not_confirmed_cross_scene","false"
"fq001161","vx_0f52acd0679150cc","156153660","query","p/vMVx6UaDS2GbpDXa7uKpsQ.jpg","fab3f282afb16f4c923730900d55dd9a17269e53c7f0acc464b4b3553d770715","all/vMVx6UaDS2GbpDXa7uKpsQ.jpg","not_confirmed_cross_scene","false"
"fq001162","vx_0f52acd0679150cc","156153660","query","p/weGi4XrMTkS46tTaj10hWA.jpg","ec2510069472f94bcb53c269ea5c823e5543404cf71cae3852b1ad93e2c64748","all/weGi4XrMTkS46tTaj10hWA.jpg","not_confirmed_cross_scene","false"
"fq001163","vx_0f52acd0679150cc","156153660","query","p/y3EDZ0DdRRSXDwEyVbWzEw.jpg","ff137fe1f9770e5f4ff86d2f0fe8678fb31f8081ae2d058991f8ae6bdb4e2d51","all/y3EDZ0DdRRSXDwEyVbWzEw.jpg","not_confirmed_cross_scene","false"
"fg0670","vx_53028abf5558a881","154399808","gallery","p/6s_l0CYZSWajFTCa4yueNA.jpg","b134cd9be02570f34dd0e366f966d44811dea9f28da3720f0712113f2c5d6d5b","all/6s_l0CYZSWajFTCa4yueNA.jpg","not_confirmed_cross_scene","false"
"fq002721","vx_53028abf5558a881","154399808","query","p/AhQZy5JiT82hSRuMRlcekg.jpg","af099a402412b004ecb2923445836a34bd25fbd6c44aec5e50e4ebdefe2066fc","all/AhQZy5JiT82hSRuMRlcekg.jpg","not_confirmed_cross_scene","false"
"fg0011","vx_5ec210ab740422d8","156147773","gallery","p/dxkvlkuvRDS4k43udJn8tQ.jpg","044afcfb3556b35d9f9ed77951ba7dc99fccd82208f2f96a33aff61dd0c5b5e7","all/dxkvlkuvRDS4k43udJn8tQ.jpg","not_confirmed_cross_scene","false"
"fq000025","vx_5ec210ab740422d8","156147773","query","p/5Ih75V2uRYGWoH_Bp5WGFw.jpg","7f61ce6cd0fe13124a81b1dbdf14698a97b3b5e6403948fec75e99e63fe89237","all/5Ih75V2uRYGWoH_Bp5WGFw.jpg","not_confirmed_cross_scene","false"
"fg0331","vx_35df9f026f5d5cc2","150718707","gallery","p/HuV0ULC3QLSg9LTK-jSzlA.jpg","dd1761293a31b27cd5c78d4f120a746fdf1e60776854918ce8387ddf2bcf25ad","all/HuV0ULC3QLSg9LTK-jSzlA.jpg","not_confirmed_cross_scene","false"
"fq001607","vx_35df9f026f5d5cc2","150718707","query","p/C9uE4Zk9RaSGlIbQbRTGUg.jpg","5a9718f1f7517d0bb611a1ebe1868ce7ac59e40e35ba737b3150b5001f5130a6","all/C9uE4Zk9RaSGlIbQbRTGUg.jpg","not_confirmed_cross_scene","false"
"fg0726","vx_db6fd0843b40d6f9","154244123","gallery","p/qSKYA5UeRtieOq6r5_wlaw.jpg","b1445c9162e6d64e8a11f6211b85cb6465385c887dc4d684309ca88a5bf599db","all/qSKYA5UeRtieOq6r5_wlaw.jpg","not_confirmed_cross_scene","false"
"fq002894","vx_db6fd0843b40d6f9","154244123","query","p/d5X6j98BQiC-n7-RhOZdig.jpg","73fd5f0002831338a6614d0b594c630cd19503907c1a45e6343f839b38e4a854","all/d5X6j98BQiC-n7-RhOZdig.jpg","not_confirmed_cross_scene","false"
"fg0004","vx_500a69b74f502c18","145441001","gallery","p/C_VYVH0PQMmwnhcdSVhWew.jpg","4e219e7b890a0a970859eb9f9afb7cd560e2bf6ed68fd94fa8a6b0683aa2fdca","all/C_VYVH0PQMmwnhcdSVhWew.jpg","not_confirmed_cross_scene","false"
"fq000008","vx_500a69b74f502c18","145441001","query","p/a5DhhM9zQA6pnXKdd45v5A.jpg","b6858dda289ff86b3dcc158976a3e6fb2303308a32a2319095250ccc38f8a4dc","all/a5DhhM9zQA6pnXKdd45v5A.jpg","not_confirmed_cross_scene","false"
"fg0377","vx_374951c7b6e7facc","152189251","gallery","p/HYglL_7kTwuO3_vZrh-vjg.jpg","b3a6be352a8f41a5a529fc04cab02de5f9b7d80db5461035136e7d9d5f7ccb01","all/HYglL_7kTwuO3_vZrh-vjg.jpg","not_confirmed_cross_scene","false"
"fq001819","vx_374951c7b6e7facc","152189251","query","p/3hxQ8dxfQ5W_ODwxa2B4zQ.jpg","468bb0321c6e1bbe51eea6a6b476a610ec0c421f22353c7234bc52687c828924","all/3hxQ8dxfQ5W_ODwxa2B4zQ.jpg","not_confirmed_cross_scene","false"
"fq001820","vx_374951c7b6e7facc","152189251","query","p/CMl2ig_5TNSUlQjZ_Z9qPg.jpg","3eafc6526e28cba9ef0f79d57522c08ab8c1eaae66d164309342c5fe690bec76","all/CMl2ig_5TNSUlQjZ_Z9qPg.jpg","not_confirmed_cross_scene","false"
"fq001821","vx_374951c7b6e7facc","152189251","query","p/RT4TUeAKQ3yuT7ucKieQlg.jpg","98dbc855ed5491e1bd2177beaffa0c7fd2c27b7946b18420649b5c391808ed70","all/RT4TUeAKQ3yuT7ucKieQlg.jpg","not_confirmed_cross_scene","false"
"fq001822","vx_374951c7b6e7facc","152189251","query","p/dvbOofAiQZijl5OyIONKZA.jpg","b8e871cdbc9f96f93a5cbd7c812a519ac3275a3afe7961d294f677d47f402e35","all/dvbOofAiQZijl5OyIONKZA.jpg","not_confirmed_cross_scene","false"
"fq001823","vx_374951c7b6e7facc","152189251","query","p/e5lloZLlRCOBa0VG0zMaxA.jpg","8b6ef10e6e93385043ce5ed07e0b2cd7a659f4ef28c37b0e95b84c28a6b5f72e","all/e5lloZLlRCOBa0VG0zMaxA.jpg","not_confirmed_cross_scene","false"
"fq001824","vx_374951c7b6e7facc","152189251","query","p/zRWxPhPBSrOvq67TKzFnsw.jpg","5758993faf17985efa56075d4ffc293c5816b66a2e25d706211a7785fef2df2b","all/zRWxPhPBSrOvq67TKzFnsw.jpg","not_confirmed_cross_scene","false"
"fg0926","vx_6dc39228edc79823","42644923","gallery","p/Pm6f_F_bQ9uBeJ4g0f8MBg.jpg","6582fe32263a9dca8f32f758faf3e5dd8d877931ac5d2a9df1409ca2a5182338","all/Pm6f_F_bQ9uBeJ4g0f8MBg.jpg","not_confirmed_cross_scene","false"
"fq004024","vx_6dc39228edc79823","42644923","query","p/ZtFvBn_LTmyKUYvFUNmLzw.jpg","fd0e08ff1e8a47675e730679c9e95a4b33a922a2f4f4dee329ef49f0e2a2b2f1","all/ZtFvBn_LTmyKUYvFUNmLzw.jpg","not_confirmed_cross_scene","false"
"fg0943","vx_ea5f19520272424b","156470610","gallery","p/z-9eWzzFTrasow08fcvRdg.jpg","0535c57463b05ffde9892b02ccded1b04a859d201d106bf6cddeba23089e91ba","all/z-9eWzzFTrasow08fcvRdg.jpg","not_confirmed_cross_scene","false"
"fq004066","vx_ea5f19520272424b","156470610","query","p/Rt8x8tbNQAC4FqYtlSm09w.jpg","db9854c08c9043ad8cb492f287c65801b697b575947bb0ef8008e5c49de2e4f0","all/Rt8x8tbNQAC4FqYtlSm09w.jpg","not_confirmed_cross_scene","false"
"fg0839","vx_0f016d0a95d6800d","156782677","gallery","p/UJASFSb9RxeCVL1nTLO6gw.jpg","5265aa0ff2e2e216f5b256bf33a9c3e51c79b0748d2d6875ceb427b3f5fde6ed","all/UJASFSb9RxeCVL1nTLO6gw.jpg","not_confirmed_cross_scene","false"
"fq003330","vx_0f016d0a95d6800d","156782677","query","p/4o3L-IEYSQqqfuMOAxdnjg.jpg","f024e14e8ae4f567109ae4de56e72dce0dc4e082ff9e0e009c46d54498e374d3","all/4o3L-IEYSQqqfuMOAxdnjg.jpg","not_confirmed_cross_scene","false"
"fq003331","vx_0f016d0a95d6800d","156782677","query","p/YN58NvAbSCyzQRU9msd7tg.jpg","2ddbc0cb8d06250b649b61d7d17504058a2a271de876c35dad514d08ccf70823","all/YN58NvAbSCyzQRU9msd7tg.jpg","not_confirmed_cross_scene","false"
"fg0056","vx_efdf3fa59bf5f4ec","1890654","gallery","p/SNCxeVerTSavq8-hniZ5eQ.jpg","30f8b7478dd13516113841433f2aa10d095d31a86544b4c7c5e0ec1352ea2a99","all/SNCxeVerTSavq8-hniZ5eQ.jpg","not_confirmed_cross_scene","false"
"fq000253","vx_efdf3fa59bf5f4ec","1890654","query","p/ojtvvJwrTuGDEla6XkLwqA.jpg","f2cd2ab59d5d08eae9618919f5450107bd1f1385ec5d3399a48e3b8828390534","all/ojtvvJwrTuGDEla6XkLwqA.jpg","not_confirmed_cross_scene","false"
"fg0368","vx_b37a7ffab3ad1074","151840898","gallery","p/7FOsfsiFQlOpuFNHs4BddA.jpg","b3e043aff847e25433472997886b45824a6cb0a766fc19faae2356cbaa3bde09","all/7FOsfsiFQlOpuFNHs4BddA.jpg","not_confirmed_cross_scene","false"
"fq001774","vx_b37a7ffab3ad1074","151840898","query","p/ArxoGvsgSdGQLkeux2WA8Q.jpg","b4ab3ad6e15dbbe6a5d9ebdfa655d5a91eac592d55d140099e1dbe3cc78faf80","all/ArxoGvsgSdGQLkeux2WA8Q.jpg","not_confirmed_cross_scene","false"
"fq001775","vx_b37a7ffab3ad1074","151840898","query","p/GlH_yd5ZRmOUbcS9NRAmUw.jpg","1eb445f25fed815362e4667b5c4c81fa13315c916d6132b1b57872dabba4ab08","all/GlH_yd5ZRmOUbcS9NRAmUw.jpg","not_confirmed_cross_scene","false"
"fq001776","vx_b37a7ffab3ad1074","151840898","query","p/O272-sFGTRy_j9oT58_iIg.jpg","e795e712aa431155a39e2529cc25bd0ce1b889bc05adcd48bae3b0c1f046aa5b","all/O272-sFGTRy_j9oT58_iIg.jpg","not_confirmed_cross_scene","false"
"fq001777","vx_b37a7ffab3ad1074","151840898","query","p/RU7YwjetTE6BcU8nyirSOQ.jpg","4d113d81fa4851e8e8dca37f55975655baf8e8a0a097d8983634b0a451a33494","all/RU7YwjetTE6BcU8nyirSOQ.jpg","not_confirmed_cross_scene","false"
"fq001778","vx_b37a7ffab3ad1074","151840898","query","p/SHWqpFGcTDygIHqKFWnn3Q.jpg","043d2af3d95a9b8e01aab397341fb3c7d7c0b01e755bb1dc17361ededcb8be7d","all/SHWqpFGcTDygIHqKFWnn3Q.jpg","not_confirmed_cross_scene","false"
"fq001779","vx_b37a7ffab3ad1074","151840898","query","p/VIs1gYxHQYib6koMLJ69oQ.jpg","3c412cf6b90971d52801b5cd98c64eff67aa0a84489f356d937b4751ca53c584","all/VIs1gYxHQYib6koMLJ69oQ.jpg","not_confirmed_cross_scene","false"
"fq001780","vx_b37a7ffab3ad1074","151840898","query","p/_217qc47QyWDSc_k0a4lcQ.jpg","658191235c8b1c095943612b0f34acf2c84a6e0f4fc63d0c56b6186effa0a32d","all/_217qc47QyWDSc_k0a4lcQ.jpg","not_confirmed_cross_scene","false"
"fq001781","vx_b37a7ffab3ad1074","151840898","query","p/tsSUBTFqTDqw1CtZbb4bxg.jpg","2bce321bf6b6b06f99930c73dcbbd7d5c7ecf9e7bd858e9c5f1772084d4d7b0d","all/tsSUBTFqTDqw1CtZbb4bxg.jpg","not_confirmed_cross_scene","false"
"fq001782","vx_b37a7ffab3ad1074","151840898","query","p/vPJGShFrTgOmtp96wy-cvA.jpg","2a859b205778a93124515d864a88daf1b1e47bde2a1a49130807bb3d5c2617f0","all/vPJGShFrTgOmtp96wy-cvA.jpg","not_confirmed_cross_scene","false"
"fq001783","vx_b37a7ffab3ad1074","151840898","query","p/zFoANaNaSXmicb0Wmk5DrA.jpg","66c50fcccc59f1ff7f213a36394c26fd7d705283fd6ddbc904b484351a6ff483","all/zFoANaNaSXmicb0Wmk5DrA.jpg","not_confirmed_cross_scene","false"
"fg0271","vx_92db7dd54f59d2f5","5149331","gallery","p/3oX3kES9Tz2gfKOJxcbNjg.jpg","ffa5cbdc0de036670fc14560a07997a4ac76f5d5ec3e81219959de3a191c0f7e","all/3oX3kES9Tz2gfKOJxcbNjg.jpg","not_confirmed_cross_scene","false"
"fq001261","vx_92db7dd54f59d2f5","5149331","query","p/BCoUE552SaaxkEjidRdE0g.jpg","f694afaecb2270e3b9b50571477635f4425c9edb33ed51c1328ca4017ee7d77b","all/BCoUE552SaaxkEjidRdE0g.jpg","not_confirmed_cross_scene","false"
"fq001262","vx_92db7dd54f59d2f5","5149331","query","p/JfgusxVFT7uxy6B4KdWB5g.jpg","7663c5a1ff6593d95c20be7533e45484d7d06431f3babd37b838c2e3105c8d94","all/JfgusxVFT7uxy6B4KdWB5g.jpg","not_confirmed_cross_scene","false"
"fq001263","vx_92db7dd54f59d2f5","5149331","query","p/Lm8aZONWQ7-n1wtwqfKpbw.jpg","db611c13ef5665a30a348d215d8300b02c95b4762dc5f62a102e9c815b58bd84","all/Lm8aZONWQ7-n1wtwqfKpbw.jpg","not_confirmed_cross_scene","false"
"fq001264","vx_92db7dd54f59d2f5","5149331","query","p/SYfBvBL3QtyIHd_M39kACg.jpg","fb8cf3dc293fb63ed08b6d3f60b65d0e76b74af57486095fc4414bfb4bb05f25","all/SYfBvBL3QtyIHd_M39kACg.jpg","not_confirmed_cross_scene","false"
"fq001265","vx_92db7dd54f59d2f5","5149331","query","p/YwUfijLzQL2NQVLPgrQVig.jpg","24083c169f3e9253e265b6f913b3aacc203658183d6992aab94e64874e79214b","all/YwUfijLzQL2NQVLPgrQVig.jpg","not_confirmed_cross_scene","false"
"fq001266","vx_92db7dd54f59d2f5","5149331","query","p/hUnRkr0pRp6BISKmyJORdQ.jpg","ba194457cf98f2de32f16c5510401b63aebca35787db4fdef51da28a0cb7b17d","all/hUnRkr0pRp6BISKmyJORdQ.jpg","not_confirmed_cross_scene","false"
"fq001267","vx_92db7dd54f59d2f5","5149331","query","p/rsGxmUmzTDu_2p7bX6Hy9g.jpg","dea957dd4444cc9ea9370fd4952f50849782e970bc0431b11c85c042cc85c5a2","all/rsGxmUmzTDu_2p7bX6Hy9g.jpg","not_confirmed_cross_scene","false"
"fq001268","vx_92db7dd54f59d2f5","5149331","query","p/sa-eUGnTSougAGzK_9MRfA.jpg","441ca53102e5e17cdc7631b94eb705b670db14d4ecd1336606b2b10e7a38d5df","all/sa-eUGnTSougAGzK_9MRfA.jpg","not_confirmed_cross_scene","false"
"fg0801","vx_a5e5168aab86fda3","23610451","gallery","p/jqWEXbHWSEGpZpp4K23Ybg.jpg","1d0997f7ea11eb90d56d01f1456a8ae28a55478a41833cfa6a9d505f52d668d2","all/jqWEXbHWSEGpZpp4K23Ybg.jpg","not_confirmed_cross_scene","false"
"fq003191","vx_a5e5168aab86fda3","23610451","query","p/81oyzxY3S-WaY48p-Gnn2A.jpg","b65f689857381344fea03cbb0bb894af80e025da6378f975472b071b0f29c1c7","all/81oyzxY3S-WaY48p-Gnn2A.jpg","not_confirmed_cross_scene","false"
"fg0139","vx_0953c9af79091679","40196008","gallery","p/NiK-SdicR2iybiQxz-y12Q.jpg","971126312d233e37877e955f9ad0800a04058a53c024f1c6304a0f8bd1fc5753","all/NiK-SdicR2iybiQxz-y12Q.jpg","not_confirmed_cross_scene","false"
"fq000644","vx_0953c9af79091679","40196008","query","p/MWfx49uERuuiSxutAHD2lA.jpg","437db9f1ccf434c73b44308df01ee0863dbc5711af1c13174ff4a235d24003d5","all/MWfx49uERuuiSxutAHD2lA.jpg","not_confirmed_cross_scene","false"
"fq000645","vx_0953c9af79091679","40196008","query","p/QgMwPztiRziJqzuZY0ne_g.jpg","9f5c221cafdf90833b8b731d77507d050a769c0ac9236ab3ac17bd87d730657a","all/QgMwPztiRziJqzuZY0ne_g.jpg","not_confirmed_cross_scene","false"
"fg0112","vx_35f8bb1b834bc06f","160836425","gallery","p/55hLdZaORY6gUH7UFoGmbw.jpg","c4fda9a20df0ba6051f96a14450023e4224254db48dbbefaef07bb0326349ecb","all/55hLdZaORY6gUH7UFoGmbw.jpg","not_confirmed_cross_scene","false"
"fq000540","vx_35f8bb1b834bc06f","160836425","query","p/hCpFS6BaQbuyxrknILscdQ.jpg","7187ee1936f76e4fc37be4d9bc350fe101b91c660f7121f6b1d17e48d14037e9","all/hCpFS6BaQbuyxrknILscdQ.jpg","not_confirmed_cross_scene","false"
"fg0602","vx_79d57a02a9fe67a4","156525766","gallery","p/4qig55woQxmgVg1zN0x4Zw.jpg","7dcac7e79d7deb05e06c1cef8e2276337efbb8d9c05a2833b71b2dc11bb405db","all/4qig55woQxmgVg1zN0x4Zw.jpg","not_confirmed_cross_scene","false"
"fq002544","vx_79d57a02a9fe67a4","156525766","query","p/BaNWqe-aQwKnEhjZ0Zwedw.jpg","5b7d955dd8cac082b4ae1d8474365c9a323abcbcb2125b5a901bb785ba8a309b","all/BaNWqe-aQwKnEhjZ0Zwedw.jpg","not_confirmed_cross_scene","false"
"fq002545","vx_79d57a02a9fe67a4","156525766","query","p/RFHuh16LR7qCmq30WWGgIg.jpg","72b0798a81434540f66ff8a51dbcd49f8410b451004b8efdc14b9ffa97daad2d","all/RFHuh16LR7qCmq30WWGgIg.jpg","not_confirmed_cross_scene","false"
"fg0585","vx_a76b36a8a7c4e5d9","3666757","gallery","p/G2q-31BFQBu5MXDRn4FJ6A.jpg","82e6babfaff3aa8c8643433f6ce113e4d6df1a98799f79bf2fc45ee9d9702a6f","all/G2q-31BFQBu5MXDRn4FJ6A.jpg","not_confirmed_cross_scene","false"
"fq002520","vx_a76b36a8a7c4e5d9","3666757","query","p/D-wF7IObQjq4FbIKrFL9jA.jpg","4efc587274edf16d7bed943cf00334e0dc4bd7d2aa6f749da56851c9fd5dfd8b","all/D-wF7IObQjq4FbIKrFL9jA.jpg","not_confirmed_cross_scene","false"
"fq002521","vx_a76b36a8a7c4e5d9","3666757","query","p/OW5GBRP7TuOqko9OoeiFbQ.jpg","d50a7f3dfa4e94b077a9b31f0cb1affa7201fc0cca85b49e780cc0225a508ec0","all/OW5GBRP7TuOqko9OoeiFbQ.jpg","not_confirmed_cross_scene","false"
"fg0200","vx_f0df86141e5b253b","144120101","gallery","p/Jv3PHfoSR-uepPxN4cTDpw.jpg","55cc2c0966f8f35a4d86c6bfc1d06071e07a419b87f1874e71d7e16a534a7e28","all/Jv3PHfoSR-uepPxN4cTDpw.jpg","not_confirmed_cross_scene","false"
"fq000953","vx_f0df86141e5b253b","144120101","query","p/anCZ3-50Tsufd0ufTYpRBw.jpg","0b57c798b0f177ba29c0b20a030deaaeb20b8f4223fad77ad6b89e0958a1d541","all/anCZ3-50Tsufd0ufTYpRBw.jpg","not_confirmed_cross_scene","false"
"fg0352","vx_c6d5a3331642761b","157395186","gallery","p/AgE3N8fLRW2RiDHYAGWG2A.jpg","cdb0f206f4d0e3805d61ab1c3fd00836f9d7b4bd2422ff0db37409d86232f8c1","all/AgE3N8fLRW2RiDHYAGWG2A.jpg","not_confirmed_cross_scene","false"
"fq001683","vx_c6d5a3331642761b","157395186","query","p/47tyqQlqS9GiMvd8a2PgkQ.jpg","2c8c4b72e2aba7caa9509fa19245972268f0bd8824f5b25b0983cd178ca19e95","all/47tyqQlqS9GiMvd8a2PgkQ.jpg","not_confirmed_cross_scene","false"
"fq001684","vx_c6d5a3331642761b","157395186","query","p/kMv-OmivSW2lcyutgxVdOw.jpg","4d157d3c994ab93eb058694e80cdc36aa145c79bbee21103422067fe3fd90c79","all/kMv-OmivSW2lcyutgxVdOw.jpg","not_confirmed_cross_scene","false"
"fq001685","vx_c6d5a3331642761b","157395186","query","p/uasR8SQbRLKQsx3XMF3mAA.jpg","34b6d347887ee3c8a758911186375f2de4cd06138feae0f2fc2f19d668dac4a6","all/uasR8SQbRLKQsx3XMF3mAA.jpg","not_confirmed_cross_scene","false"
"fg0890","vx_202e2022ec125f87","91018120","gallery","p/3HmkJxY6R6298f2vrrQ2aQ.jpg","bdbf611a55a61ad3a6978f1299d181a3f0356ad98b3c704ed4cb5b4d6c1ae6a6","all/3HmkJxY6R6298f2vrrQ2aQ.jpg","not_confirmed_cross_scene","false"
"fq003872","vx_202e2022ec125f87","91018120","query","p/F8QEvtT3R4K7oLGgbImqTQ.jpg","87d72a27f89d4fb7370e3d3041785fd2526db166d5e443abe421716e813b08b0","all/F8QEvtT3R4K7oLGgbImqTQ.jpg","not_confirmed_cross_scene","false"
"fg0710","vx_db5badd35d4ed33b","38258673","gallery","p/vQOK-0mfTIWItFxEmr5tOA.jpg","d413bd3be1b8f69e4b90c3322ee449310a5a2c3ebb1b6b4f2642402996768142","all/vQOK-0mfTIWItFxEmr5tOA.jpg","not_confirmed_cross_scene","false"
"fq002846","vx_db5badd35d4ed33b","38258673","query","p/Cm2JfKpwRVygURTRRdU5qQ.jpg","5561c8075887df5f4b5414da32e9ead43851e5d2610579fc209a244c4cd99d2c","all/Cm2JfKpwRVygURTRRdU5qQ.jpg","not_confirmed_cross_scene","false"
"fg0832","vx_483699392835807f","3350635","gallery","p/WcVa7kgOTP6CiwiVa2lArw.jpg","c1d49a765d96b63547da8392b0ceb521b535eb0728bd8ad333f01c8e36e59c89","all/WcVa7kgOTP6CiwiVa2lArw.jpg","not_confirmed_cross_scene","false"
"fq003312","vx_483699392835807f","3350635","query","p/dpZ9BB_YS7CFZaS2Fc1fYw.jpg","8eed5dd8d06db6b945926b781df23721661bcc997e5fb6583d00a289d7fd91a8","all/dpZ9BB_YS7CFZaS2Fc1fYw.jpg","not_confirmed_cross_scene","false"
"fq003313","vx_483699392835807f","3350635","query","p/tGU80bX4QrKSujOZFlQ6hg.jpg","c6ab2c2ee2a95b747760cc8eab2e4328e3d8bec90426adcb21d9d96c20b4604f","all/tGU80bX4QrKSujOZFlQ6hg.jpg","not_confirmed_cross_scene","false"
"fg0981","vx_f2c64d991295d456","8664869","gallery","p/ivD5a5nEQuiJgiw0J5PJOQ.jpg","ace2cfce5f7ff1f6496833cddb3b60ee295a8821ac4098e9384121db3e456a80","all/ivD5a5nEQuiJgiw0J5PJOQ.jpg","not_confirmed_cross_scene","false"
"fq004227","vx_f2c64d991295d456","8664869","query","p/rye-y7UASH2u0XEJyouuww.jpg","7c249a9d98dc9cb10f231ddceeb3fe0ca8e76a493172d0a05949a15483b123ca","all/rye-y7UASH2u0XEJyouuww.jpg","not_confirmed_cross_scene","false"
"fg0604","vx_db39700dcd143742","16554020","gallery","p/HvR1DHQkQDmZJDp9jEIh7Q.jpg","8fb1618b57efd7e7312811e43c981b9e9c6eef7e32cef037b34ee261d4deedf1","all/HvR1DHQkQDmZJDp9jEIh7Q.jpg","not_confirmed_cross_scene","false"
"fq002548","vx_db39700dcd143742","16554020","query","p/W-r8a9j-RpSW3mCXZ5LyLQ.jpg","7d7bdf8eb517197ac12653caf1c0c47b0dd61a5d49de7a7464f61132befbf3d0","all/W-r8a9j-RpSW3mCXZ5LyLQ.jpg","not_confirmed_cross_scene","false"
"fg0942","vx_97e5f6880b86b6a7","5157460","gallery","p/gZKDjEHBT2yHYR_Ms4nYTQ.jpg","4138a96d1bbd65836cd1b00d6339fc2bd57bcd26ffee329d8be1ddf6f399dac1","all/gZKDjEHBT2yHYR_Ms4nYTQ.jpg","not_confirmed_cross_scene","false"
"fq004064","vx_97e5f6880b86b6a7","5157460","query","p/7NTRG2AsQtWHQMhqqKhlvw.jpg","640c002bd44d4fef0ddd498b9d9e7abf27e419f87cbcd635c8d5a1735db70c8c","all/7NTRG2AsQtWHQMhqqKhlvw.jpg","not_confirmed_cross_scene","false"
"fq004065","vx_97e5f6880b86b6a7","5157460","query","p/N2hKHRxzQLuKzWhA6xALCA.jpg","8c45ce04b526979b2bf40d468c56296412962331c5d0934cd48ab01b6a8462be","all/N2hKHRxzQLuKzWhA6xALCA.jpg","not_confirmed_cross_scene","false"
"fg0512","vx_4c281b83e2abe7ed","159020743","gallery","p/pFNog04MTJSX4NCLo51PFw.jpg","ff9e0db4aa9b0b00a10f86023ab2d8ad32384b59d01c2d2d31f185c552f3d999","all/pFNog04MTJSX4NCLo51PFw.jpg","not_confirmed_cross_scene","false"
"fq002309","vx_4c281b83e2abe7ed","159020743","query","p/PeGUjBa2T6OT0DTc7RlOsw.jpg","22d07604317495b379ca4c4f77d19ddda9b4f94b5672f5a31ed4fddd74b2af3a","all/PeGUjBa2T6OT0DTc7RlOsw.jpg","not_confirmed_cross_scene","false"
"fg0541","vx_ed1d1ac6deb35551","1542062","gallery","p/RiKD_8ZuTi21HbH0PW5F1Q.jpg","b328cf9039adf717152b374d0b6ef3d4ba9513f749b8130d1fa11215d4be5e74","all/RiKD_8ZuTi21HbH0PW5F1Q.jpg","not_confirmed_cross_scene","false"
"fq002416","vx_ed1d1ac6deb35551","1542062","query","p/Z71-vD6YSv6RnKaiXJVNEw.jpg","0246cca71d74fa85f5654706bcf856d261e4e52df44d5d815a36c04200ecfa6a","all/Z71-vD6YSv6RnKaiXJVNEw.jpg","not_confirmed_cross_scene","false"
"fg0317","vx_e25517315bc55481","9658176","gallery","p/DfL5nozfS22O9Z25chi1zw.jpg","ad4bbed26ab470857112da9915554e40aa1121a8f36f0dd870650b7c589dc826","all/DfL5nozfS22O9Z25chi1zw.jpg","not_confirmed_cross_scene","false"
"fq001542","vx_e25517315bc55481","9658176","query","p/87VFG6JDQ16Wil4QSRlxsw.jpg","f3695bbc5f798e4bcafbb800517a07023905891598bee89f7a4b0a1884f0751a","all/87VFG6JDQ16Wil4QSRlxsw.jpg","not_confirmed_cross_scene","false"
"fq001543","vx_e25517315bc55481","9658176","query","p/BmXYLmULReOql4eGLAiqVQ.jpg","dae70c692f514136fb5a9c9cc454d94ebc49d2f2f72696c15b62bf1e4d91937b","all/BmXYLmULReOql4eGLAiqVQ.jpg","not_confirmed_cross_scene","false"
"fq001544","vx_e25517315bc55481","9658176","query","p/CmL5e4R3Ta2n-Mac9_w1ug.jpg","2244fe0e2c5631cc7a44123703f3b2f6de3ec0bd7b953de193742f9d6bb5bdc4","all/CmL5e4R3Ta2n-Mac9_w1ug.jpg","not_confirmed_cross_scene","false"
"fq001545","vx_e25517315bc55481","9658176","query","p/EdAWeMRQRimWEMTFs1SFzw.jpg","0647d6d8884a41950e581c0562dd139d1cff95f01b2bdb3d2d164f3c894a3b41","all/EdAWeMRQRimWEMTFs1SFzw.jpg","not_confirmed_cross_scene","false"
"fq001546","vx_e25517315bc55481","9658176","query","p/FIwk0LQPQMSwlni4F8htiA.jpg","c73e50efa9c5e85886c7579cfb88edf27280676761d3e19a1e35e7f47927bc5c","all/FIwk0LQPQMSwlni4F8htiA.jpg","not_confirmed_cross_scene","false"
"fq001547","vx_e25517315bc55481","9658176","query","p/I99pSSfHSqSE_VvdfWjEzw.jpg","958aeff8719f835bbd26add7458865f0593b539164f15d7d82a028963629ac5d","all/I99pSSfHSqSE_VvdfWjEzw.jpg","not_confirmed_cross_scene","false"
"fq001548","vx_e25517315bc55481","9658176","query","p/QbVD2n5PQqeBdtUT9YJhTw.jpg","c9a9617092b4554674ad3fcc9329444f354766334155f003b223ec43a21c3c14","all/QbVD2n5PQqeBdtUT9YJhTw.jpg","not_confirmed_cross_scene","false"
"fq001549","vx_e25517315bc55481","9658176","query","p/RneIzMJ8Qyq9bFdAIOe14w.jpg","9f49158a6787c1377692988c46fcd6392141bad0034eee3626496b7930f2ca27","all/RneIzMJ8Qyq9bFdAIOe14w.jpg","not_confirmed_cross_scene","false"
"fq001550","vx_e25517315bc55481","9658176","query","p/TCTX1tTdTf-gEOlz8nHrgQ.jpg","88541abb6110794ff7064e07ca4b9a7ee4a2ea9380cc8517e9b5c2e243ea3c9f","all/TCTX1tTdTf-gEOlz8nHrgQ.jpg","not_confirmed_cross_scene","false"
"fq001551","vx_e25517315bc55481","9658176","query","p/VC_SETMxTSCmw3iophs3IA.jpg","70c549c395431e82f53a6ef8bf8a75690468c315246c12cb44800f17b7b69e03","all/VC_SETMxTSCmw3iophs3IA.jpg","not_confirmed_cross_scene","false"
"fq001552","vx_e25517315bc55481","9658176","query","p/WoHZ7nazSmqNtz2GcLISWA.jpg","a002daee8e4fd1551fdeb5aa9805ec2ef1d1d826ebe51abe24934502eeadd2fe","all/WoHZ7nazSmqNtz2GcLISWA.jpg","not_confirmed_cross_scene","false"
"fq001553","vx_e25517315bc55481","9658176","query","p/axDSw1aaSDSp1dwaMq_eWw.jpg","37f25102f2d743b1f0a6bf5d8dd9c7fef57e339ac83bb971ff665eaf569982c2","all/axDSw1aaSDSp1dwaMq_eWw.jpg","not_confirmed_cross_scene","false"
"fq001554","vx_e25517315bc55481","9658176","query","p/ghArStAaTimps0sM_t3qYQ.jpg","bd0ff5d244d6773e3459e06341ddd1848bfeb37829ce73fec784375004daac3c","all/ghArStAaTimps0sM_t3qYQ.jpg","not_confirmed_cross_scene","false"
"fq001555","vx_e25517315bc55481","9658176","query","p/m0jYD-1BQqy2QG5mPVgUkA.jpg","52b007ee604e87642d7d6096efe51d3b08c53cfa42886eae33dfb14119032282","all/m0jYD-1BQqy2QG5mPVgUkA.jpg","not_confirmed_cross_scene","false"
"fq001556","vx_e25517315bc55481","9658176","query","p/o7na_lX5QaGcpWoVXfxEjw.jpg","694f74cd2461f0cb5bc8ef65b0006e6f3282ef96aa54736a48a57a4bea491c6e","all/o7na_lX5QaGcpWoVXfxEjw.jpg","not_confirmed_cross_scene","false"
"fq001557","vx_e25517315bc55481","9658176","query","p/rSZhw7N-ShaR6I8b0h66Tw.jpg","890cfb22de60facb41352b104407d7986e3f0be054611676ae1c1bbb24bd7a6c","all/rSZhw7N-ShaR6I8b0h66Tw.jpg","not_confirmed_cross_scene","false"
"fq001558","vx_e25517315bc55481","9658176","query","p/ryoFph_6RTi9y7Pb5qwpaQ.jpg","abaf1b3e5abc83185d9756f09ca9a87200862b7e2b6bdd346302195f84771433","all/ryoFph_6RTi9y7Pb5qwpaQ.jpg","not_confirmed_cross_scene","false"
"fg0818","vx_24f30e2209aa3769","156206137","gallery","p/SqX1TaBRTQWZ5T04-q9UrA.jpg","77f92ec7a1f9ecca26ee7fac548d1915ef69f2486324de80db10d3f3cc279cff","all/SqX1TaBRTQWZ5T04-q9UrA.jpg","not_confirmed_cross_scene","false"
"fq003239","vx_24f30e2209aa3769","156206137","query","p/ETM_Yu_uRpiepJejkgBwWw.jpg","1f61240d3248b93cfc4b03a2d2496ce572ae389b8c839ff3ca0aadbd8ebcf2db","all/ETM_Yu_uRpiepJejkgBwWw.jpg","not_confirmed_cross_scene","false"
"fq003240","vx_24f30e2209aa3769","156206137","query","p/SmRvbsIvQU2PYR-Z9coZag.jpg","d505641ef29691aaae2d208a313a7357f43319bca961e96bf99fa6ee7872e6db","all/SmRvbsIvQU2PYR-Z9coZag.jpg","not_confirmed_cross_scene","false"
"fq003241","vx_24f30e2209aa3769","156206137","query","p/niJFqjTaTyC5CvGgxhy7Ew.jpg","0fb2d0d88737041794095efc30681edd85cd39d82d535d82e0e699f947738432","all/niJFqjTaTyC5CvGgxhy7Ew.jpg","not_confirmed_cross_scene","false"
"fg0123","vx_4f57dff99bda50bb","150327258","gallery","p/A2Zl6eOnTmqQoXCE7orkBw.jpg","e3b104434db0562a0cd0db422a98fc839504c8c750a42f808d545da87501d646","all/A2Zl6eOnTmqQoXCE7orkBw.jpg","not_confirmed_cross_scene","false"
"fq000584","vx_4f57dff99bda50bb","150327258","query","p/Q2wK5zZ5Rk6yrLzG5bvNYQ.jpg","2844e1310e346ed6740d62a39a8e669296f33ad252c49184967f554b022e6eee","all/Q2wK5zZ5Rk6yrLzG5bvNYQ.jpg","not_confirmed_cross_scene","false"
"fg0868","vx_9ebc3232e03e6d1e","1836574","gallery","p/_aBBU79HT8ehfJVKTNjquw.jpg","cb9955075b45f72c90c76faa07efdc18ad11f4920d3b95a99758f818206cd4eb","all/_aBBU79HT8ehfJVKTNjquw.jpg","not_confirmed_cross_scene","false"
"fq003727","vx_9ebc3232e03e6d1e","1836574","query","p/76XHdechRlCwSAYZ88ecEA.jpg","6c7d2bd334ce4854d6882950a8775de1e2dde1f91839af6c7e5a7672a84ec20c","all/76XHdechRlCwSAYZ88ecEA.jpg","not_confirmed_cross_scene","false"
"fq003728","vx_9ebc3232e03e6d1e","1836574","query","p/A3Gnkk4cQTugBbPJgGFaCw.jpg","c9d55e8f92aa70bafa8813c17c12981946bba964780097193eff4b6c6edb61f8","all/A3Gnkk4cQTugBbPJgGFaCw.jpg","not_confirmed_cross_scene","false"
"fq003729","vx_9ebc3232e03e6d1e","1836574","query","p/MO3mIUxEQ6mhOJFPKDHXMw.jpg","52dceecd40b4ee5782db14f18d643eabef4216b0a2f527f7057618342743613c","all/MO3mIUxEQ6mhOJFPKDHXMw.jpg","not_confirmed_cross_scene","false"
"fg0597","vx_78e989cd46241524","159779624","gallery","p/sYh0syluR5uPBfaodY-PBw.jpg","7f9f929cc4f7a381993b02360d6abf68766602cb3306ff7d5c4a45822b24a749","all/sYh0syluR5uPBfaodY-PBw.jpg","not_confirmed_cross_scene","false"
"fq002536","vx_78e989cd46241524","159779624","query","p/cimZBegARq22MwuwKyR27Q.jpg","c83e5f3fe75f6ff7a876d726d38a16d084a0bcd8b94022ce36a0664653a87330","all/cimZBegARq22MwuwKyR27Q.jpg","not_confirmed_cross_scene","false"
"fg0682","vx_93556e75f1bb4062","150856030","gallery","p/ZkiGGlneQYqhoxiUtZqU9Q.jpg","794b7d25e4721f96c509be7e0e48e58ed0afde19baab6fd79e1b48750d91a483","all/ZkiGGlneQYqhoxiUtZqU9Q.jpg","not_confirmed_cross_scene","false"
"fq002765","vx_93556e75f1bb4062","150856030","query","p/0rdcq1cfQKiRqbS0jZJvZA.jpg","c6c936312a1f328870ac48e052038f571b1315ae33dc6c07281e3f2ea015a3df","all/0rdcq1cfQKiRqbS0jZJvZA.jpg","not_confirmed_cross_scene","false"
"fq002766","vx_93556e75f1bb4062","150856030","query","p/47goDkN9SMG28pNMPf8Kng.jpg","d33c83664e8ec4cfe85d48aaf5352961dd61f44c31f0eeeea8738f2358bff3e9","all/47goDkN9SMG28pNMPf8Kng.jpg","not_confirmed_cross_scene","false"
"fq002767","vx_93556e75f1bb4062","150856030","query","p/COkr3VvlQGq69p5qkmMb6w.jpg","2aa626fd37908ddc53e33656ee2d79c3d5021d2bc049e05341cf346cdb24c06d","all/COkr3VvlQGq69p5qkmMb6w.jpg","not_confirmed_cross_scene","false"
"fq002768","vx_93556e75f1bb4062","150856030","query","p/X9P-9QVPQaaFR5vpR7-oBQ.jpg","24354e6576ddbc76df94ffab16ec0e6edb0fdb8aa752f95808a88fd41891b193","all/X9P-9QVPQaaFR5vpR7-oBQ.jpg","not_confirmed_cross_scene","false"
"fq002769","vx_93556e75f1bb4062","150856030","query","p/f5jhvGaLRKulrDkPvGb_9w.jpg","6692a19b01e821e7962050bbb239de510c97ff0e37bc64caf2dc892ca981d89b","all/f5jhvGaLRKulrDkPvGb_9w.jpg","not_confirmed_cross_scene","false"
"fq002770","vx_93556e75f1bb4062","150856030","query","p/je8-NOS8RkubB-SXcXSQbg.jpg","3606696cd30ce2968a5dd33f5d5aae0d8ba871a6b9a4044ddf7a56c65021e815","all/je8-NOS8RkubB-SXcXSQbg.jpg","not_confirmed_cross_scene","false"
"fq002771","vx_93556e75f1bb4062","150856030","query","p/v1OgTDflTEq3qxenYLJSMw.jpg","fcd3715fd859bf52c58b903fc06668a7d4ea6fbf37cfca962971120436226895","all/v1OgTDflTEq3qxenYLJSMw.jpg","not_confirmed_cross_scene","false"
"fg0333","vx_15fafec4c4d78d74","145345359","gallery","p/rrjU0NcBRMKluv_RWkFlAg.jpg","b01185795cf67a42e50282c1162a1451b3151920679ba7945ba4ffc0b45167f7","all/rrjU0NcBRMKluv_RWkFlAg.jpg","not_confirmed_cross_scene","false"
"fq001619","vx_15fafec4c4d78d74","145345359","query","p/4yd7nFsKQw6M0sDBJaolCw.jpg","8b45f73d096ddfe17b1345a718015a44e08637b65412a77360e8617f6f1731ca","all/4yd7nFsKQw6M0sDBJaolCw.jpg","not_confirmed_cross_scene","false"
"fg0128","vx_35e343a3fd25d697","145779759","gallery","p/D11mqqf6T5GuzYo_bJmYKg.jpg","f9755a5592bc8a4595ea5dff3c892b939dc49bfba25babb3edc5070da4842600","all/D11mqqf6T5GuzYo_bJmYKg.jpg","not_confirmed_cross_scene","false"
"fq000597","vx_35e343a3fd25d697","145779759","query","p/RKv6QbUNRGmm03qJI3VO2w.jpg","bbc74312ba3c6a5870401b9885f352cf63f8cc5e7dcbab9c2c05b04ea2adb35a","all/RKv6QbUNRGmm03qJI3VO2w.jpg","not_confirmed_cross_scene","false"
"fg0080","vx_26e242d9ec2d1897","1909919","gallery","p/_9RSWUqNQ2SDR0c49J8a1g.jpg","ffe0111965067063421dd51374e1fb697e3996b32ed8c63ce0cf6f430aac1827","all/_9RSWUqNQ2SDR0c49J8a1g.jpg","not_confirmed_cross_scene","false"
"fq000402","vx_26e242d9ec2d1897","1909919","query","p/4VsQq67MSi2vTwOFUbyc_Q.jpg","2f43d9eafcd01b7df2f5263ae9402c774799906e8fe485381af36bdcc956fc85","all/4VsQq67MSi2vTwOFUbyc_Q.jpg","not_confirmed_cross_scene","false"
"fq000403","vx_26e242d9ec2d1897","1909919","query","p/8U28wgNwQGivhELDXhWXnQ.jpg","e7e24f3a5055b7cb44bc3f5c5aed820e0a165f850c618d678783d7f6cc9263ee","all/8U28wgNwQGivhELDXhWXnQ.jpg","not_confirmed_cross_scene","false"
"fq000404","vx_26e242d9ec2d1897","1909919","query","p/90xNvyJXQbGQ8ord2z1HFw.jpg","c80d8d8349dfa7b12504464da3c601276352436d3a6f5fb1b8a869a2f9707311","all/90xNvyJXQbGQ8ord2z1HFw.jpg","not_confirmed_cross_scene","false"
"fq000405","vx_26e242d9ec2d1897","1909919","query","p/A189Vb_JTRKY4jMW98YQcQ.jpg","e40d9a653d2ffa1fec30faf9fd270df1342e0520973e8aff701e538b5a2552d2","all/A189Vb_JTRKY4jMW98YQcQ.jpg","not_confirmed_cross_scene","false"
"fq000406","vx_26e242d9ec2d1897","1909919","query","p/J366JocgTB2sRF5Ae6VLTw.jpg","a28d2ecf06fa0e1f6031a0cec1eb89717e0ceeaf57c537e37a16dacf759bff96","all/J366JocgTB2sRF5Ae6VLTw.jpg","not_confirmed_cross_scene","false"
"fq000407","vx_26e242d9ec2d1897","1909919","query","p/U-z7NRp_RIGl-cCrCdssJQ.jpg","80a0bc3156cca30b15a445c59c4bd30382d5e843f6cf2936be4362eb0954fd67","all/U-z7NRp_RIGl-cCrCdssJQ.jpg","not_confirmed_cross_scene","false"
"fq000408","vx_26e242d9ec2d1897","1909919","query","p/WFM8rOCzTlia2LBXWjtVPw.jpg","df227cd080d279f83aa6266f7715534a0a550a02484fff25de03e419cb300934","all/WFM8rOCzTlia2LBXWjtVPw.jpg","not_confirmed_cross_scene","false"
"fq000409","vx_26e242d9ec2d1897","1909919","query","p/XGRKTQRBQXmSSVQLICpjIg.jpg","1e8ef363283822125084b9ed49b5eb0475b86cae92e816a1c4c508872a462d85","all/XGRKTQRBQXmSSVQLICpjIg.jpg","not_confirmed_cross_scene","false"
"fq000410","vx_26e242d9ec2d1897","1909919","query","p/eD3mk7bSQn2GL2sWiN6wmA.jpg","6fac99e99543f1ccf632aaa14676bed8ba84a7b34882f2ac85a58b240062458b","all/eD3mk7bSQn2GL2sWiN6wmA.jpg","not_confirmed_cross_scene","false"
"fq000411","vx_26e242d9ec2d1897","1909919","query","p/q0ujPUDBRFW2sGwMhq_IOw.jpg","ed371240c892201396ccccc4a47b4d640afc70b0915ef5fa7a56aea43f5215cd","all/q0ujPUDBRFW2sGwMhq_IOw.jpg","not_confirmed_cross_scene","false"
"fg0236","vx_15c52144b0951e42","150742752","gallery","p/qx0pp4nTT4WxQkHCoiPMFw.jpg","d998798f36000c8273fce27e12d5d2634188124a82b1f9d6046af6842b3dda9b","all/qx0pp4nTT4WxQkHCoiPMFw.jpg","not_confirmed_cross_scene","false"
"fq001172","vx_15c52144b0951e42","150742752","query","p/4cjgGafAS0KgPBa8GBTyJg.jpg","9d10b18f38e34172f3621f3fb8c909a63799e6006350979ef5ea367f65ed8feb","all/4cjgGafAS0KgPBa8GBTyJg.jpg","not_confirmed_cross_scene","false"
"fq001173","vx_15c52144b0951e42","150742752","query","p/rOhenzyhS8uiNgTHJMqC7w.jpg","f08652326eed17570f6c7dd327b9297e49e887eea38d44c30e0ec468c7bf6791","all/rOhenzyhS8uiNgTHJMqC7w.jpg","not_confirmed_cross_scene","false"
"fg0124","vx_3f3730b2fa76e0d3","7613181","gallery","p/WYX_4ZtoTzG-heIqfUIQig.jpg","ad5ee753aed505f9814aeb5f22fb3a74193f1da947449baee235c6711f611a03","all/WYX_4ZtoTzG-heIqfUIQig.jpg","not_confirmed_cross_scene","false"
"fq000585","vx_3f3730b2fa76e0d3","7613181","query","p/RbDE82XrQ7yysCzVPCHoXA.jpg","24da03f347bf22dc0576834f1125f63d55b5190484b743bc1f6d3ea29de8e6d6","all/RbDE82XrQ7yysCzVPCHoXA.jpg","not_confirmed_cross_scene","false"
"fq000586","vx_3f3730b2fa76e0d3","7613181","query","p/cUYDjxwGRjaZxz9r8XAN7Q.jpg","0d2deb034b3bd39e30825ad5812d1f34b1993d5224f09f19cfe47343a62106c6","all/cUYDjxwGRjaZxz9r8XAN7Q.jpg","not_confirmed_cross_scene","false"
"fq000587","vx_3f3730b2fa76e0d3","7613181","query","p/vLywjsvcScarUYb24nPmlg.jpg","cad353918b05296d8ac424c50454f191f42b17d1f45a04b89c3dd0b756ee7cd3","all/vLywjsvcScarUYb24nPmlg.jpg","not_confirmed_cross_scene","false"
"fg0432","vx_fd19c33b50f6434b","136510306","gallery","p/U3OyuwKAQ12JczlJZcvuuw.jpg","3a10c75cace8319b8ea761c77d661871c792e90a8c57e1060c26eee2ee92b919","all/U3OyuwKAQ12JczlJZcvuuw.jpg","not_confirmed_cross_scene","false"
"fq002001","vx_fd19c33b50f6434b","136510306","query","p/piuTZrHIR5mo1BWfNMBQiQ.jpg","aa2ce5f36a208822479ab004bd71f956b458e6ea557a0877ea50e0ebe6c7dfd2","all/piuTZrHIR5mo1BWfNMBQiQ.jpg","not_confirmed_cross_scene","false"
"fg0164","vx_71e08530987e07c2","153117517","gallery","p/P42btfDzQN-LGmg6jaSVdg.jpg","f0eb00e4654bccd3cac64bb596fb8574b550f4cdca66b380ad9d04f93e868539","all/P42btfDzQN-LGmg6jaSVdg.jpg","not_confirmed_cross_scene","false"
"fq000743","vx_71e08530987e07c2","153117517","query","p/bweGRO0xR-mVIj2El5p5mg.jpg","04a748f24f44ec19eadd0ad83cf2aed4c001d3e98e813871a9ed1b68b074efc1","all/bweGRO0xR-mVIj2El5p5mg.jpg","not_confirmed_cross_scene","false"
"fq000744","vx_71e08530987e07c2","153117517","query","p/cFH8t18fTPGR_F6XehO9ew.jpg","4d6f4b7e6426bc105bcceb39fd05e07cf1b4df1969992d15a7480180930801c8","all/cFH8t18fTPGR_F6XehO9ew.jpg","not_confirmed_cross_scene","false"
"fq000745","vx_71e08530987e07c2","153117517","query","p/rhR5Y8NaThm6RH5I7quaNQ.jpg","68b25c0f1f8e99702c1b2f3eaa20b262a603078c871d69adec7c5905f872b229","all/rhR5Y8NaThm6RH5I7quaNQ.jpg","not_confirmed_cross_scene","false"
"fg0426","vx_6adea789b053ab44","154377854","gallery","p/LuRp1U3dSmyrryYZmQ2Lcg.jpg","a75b03195bb0cfe6b116a64d396c4263078ce1c58cd9e9f2e3d3d252aeb4e2c8","all/LuRp1U3dSmyrryYZmQ2Lcg.jpg","not_confirmed_cross_scene","false"
"fq001989","vx_6adea789b053ab44","154377854","query","p/LOPJqiAkToauvzFlZrZwjQ.jpg","3236f70e6db792679fc4b3c8a1ffa45dad777ec56f3a5df24c56b4134432b58e","all/LOPJqiAkToauvzFlZrZwjQ.jpg","not_confirmed_cross_scene","false"
